RBD,Administration,HS_ENROLLED_EST
1,SLEP,482
4,SLEP,974
5,SLEP,518
7,SLEP,1084
8,SLEP,248
25,SLEP,173
45,Private subsidized,275
50,Private subsidized,218
52,Private subsidized,1630
56,Private subsidized,320
59,Fully private,154
60,Private subsidized,283
67,Private subsidized,173
69,Fully private,180
97,SLEP,338
103,SLEP,169
106,Delegated,446
107,SLEP,277
108,SLEP,468
109,SLEP,339
110,SLEP,224
124,SLEP,1115
125,SLEP,217
127,Private subsidized,300
132,Private subsidized,732
133,Private subsidized,188
191,Corp. municipal,716
199,Municipal,453
200,Municipal,559
208,Private subsidized,427
211,Municipal,230
217,Corp. municipal,1032
218,Corp. municipal,333
219,Corp. municipal,760
220,Corp. municipal,1048
253,Private subsidized,275
254,Private subsidized,183
255,Private subsidized,252
256,Private subsidized,521
257,Fully private,257
279,Corp. municipal,1850
280,Corp. municipal,1242
283,Corp. municipal,1054
284,Corp. municipal,281
285,Corp. municipal,400
286,Corp. municipal,599
287,Corp. municipal,984
304,Corp. municipal,492
320,Corp. municipal,221
329,Corp. municipal,149
336,Private subsidized,471
337,Private subsidized,271
341,Private subsidized,320
342,Private subsidized,503
344,Private subsidized,292
350,Private subsidized,257
356,Private subsidized,317
357,Fully private,262
358,Fully private,116
361,Fully private,224
364,Fully private,140
365,Private subsidized,280
366,Fully private,252
367,Municipal,647
372,Municipal,361
373,Municipal,392
379,SLEP,678
384,SLEP,501
392,Private subsidized,357
396,SLEP,638
399,SLEP,780
400,SLEP,661
415,SLEP,318
420,SLEP,400
429,Private subsidized,591
430,Private subsidized,273
431,Private subsidized,228
433,Private subsidized,336
437,Private subsidized,1230
438,SLEP,426
440,Private subsidized,378
448,SLEP,806
449,SLEP,626
478,Private subsidized,340
479,Private subsidized,533
486,SLEP,425
516,Corp. municipal,397
517,Corp. municipal,696
518,Corp. municipal,366
526,Corp. municipal,157
530,Corp. municipal,318
535,Corp. municipal,151
565,Private subsidized,292
567,Private subsidized,335
568,Private subsidized,180
570,Private subsidized,176
573,Private subsidized,301
574,Private subsidized,737
575,Private subsidized,695
578,Corp. municipal,206
579,Private subsidized,512
580,Fully private,457
581,Private subsidized,191
582,Fully private,227
583,Private subsidized,290
585,Fully private,206
589,Private subsidized,113
590,Fully private,302
591,Fully private,222
609,SLEP,748
610,SLEP,403
611,SLEP,190
613,SLEP,254
629,SLEP,205
646,Private subsidized,511
647,Private subsidized,153
648,Private subsidized,312
649,Private subsidized,438
656,SLEP,277
664,Private subsidized,228
665,Municipal,475
690,Private subsidized,301
701,Municipal,371
704,Municipal,656
705,Municipal,1078
763,Private subsidized,350
766,Private subsidized,535
767,Private subsidized,142
768,Private subsidized,932
769,Private subsidized,360
770,Fully private,153
772,Delegated,518
799,Municipal,264
802,Municipal,482
845,Municipal,489
967,Municipal,483
968,Municipal,586
987,Private subsidized,334
988,Private subsidized,204
1013,Municipal,378
1036,Private subsidized,358
1048,Municipal,595
1119,Private subsidized,144
1121,Municipal,485
1123,Municipal,189
1148,Municipal,203
1164,Private subsidized,146
1167,Municipal,423
1183,Municipal,340
1190,Private subsidized,124
1194,Municipal,960
1195,Delegated,803
1196,Municipal,351
1199,Municipal,173
1213,Private subsidized,1093
1214,Private subsidized,346
1225,Fully private,430
1255,Private subsidized,356
1260,Private subsidized,131
1261,Municipal,164
1262,Delegated,1164
1263,Municipal,279
1288,Fully private,243
1289,Private subsidized,219
1290,Private subsidized,194
1291,Private subsidized,143
1292,Private subsidized,390
1294,Private subsidized,268
1300,Delegated,494
1327,Private subsidized,237
1335,Municipal,583
1347,Private subsidized,507
1354,Municipal,361
1362,Private subsidized,231
1363,Municipal,228
1364,Municipal,204
1366,Municipal,419
1371,Municipal,246
1392,Private subsidized,448
1393,Private subsidized,296
1395,Private subsidized,290
1397,Private subsidized,597
1403,Fully private,184
1404,Fully private,545
1405,Private subsidized,257
1421,Private subsidized,115
1422,Municipal,186
1425,Municipal,153
1436,Private subsidized,418
1437,Private subsidized,210
1443,Delegated,753
1444,Municipal,146
1445,Municipal,180
1449,Private subsidized,358
1450,Private subsidized,203
1453,Municipal,259
1464,Municipal,752
1467,Municipal,155
1478,Private subsidized,167
1482,Private subsidized,307
1489,Municipal,232
1500,Private subsidized,293
1502,SLEP,785
1503,Delegated,1079
1504,SLEP,1033
1515,SLEP,1118
1516,SLEP,163
1520,SLEP,454
1521,SLEP,171
1525,SLEP,850
1549,SLEP,150
1579,Private subsidized,138
1581,Private subsidized,347
1582,Private subsidized,187
1585,Private subsidized,282
1586,Private subsidized,281
1587,Private subsidized,241
1588,Private subsidized,148
1590,Private subsidized,906
1594,Private subsidized,149
1604,Private subsidized,321
1610,Private subsidized,184
1631,Fully private,347
1632,Private subsidized,166
1634,Fully private,262
1635,Private subsidized,125
1641,Fully private,115
1653,Private subsidized,148
1657,Private subsidized,125
1663,Delegated,519
1664,Corp. municipal,320
1672,Corp. municipal,235
1674,Corp. municipal,267
1675,Corp. municipal,281
1676,Corp. municipal,664
1681,Corp. municipal,213
1734,Private subsidized,296
1735,Private subsidized,489
1738,Private subsidized,299
1739,Private subsidized,536
1741,Private subsidized,150
1742,Private subsidized,130
1743,Private subsidized,209
1747,Private subsidized,451
1749,Private subsidized,280
1750,Private subsidized,171
1755,Private subsidized,383
1756,Private subsidized,272
1757,Private subsidized,849
1761,Private subsidized,130
1769,Private subsidized,130
1774,Fully private,236
1777,Fully private,277
1781,Fully private,202
1783,Fully private,248
1788,Fully private,233
1791,Fully private,199
1792,Fully private,171
1795,Private subsidized,234
1796,Fully private,133
1801,Private subsidized,234
1839,Fully private,347
1851,Municipal,332
1858,Private subsidized,495
1859,Private subsidized,150
1860,Private subsidized,305
1863,Municipal,309
1864,Municipal,386
1880,Corp. municipal,279
1882,Corp. municipal,381
1884,Corp. municipal,400
1887,Corp. municipal,188
1895,Corp. municipal,157
1909,Private subsidized,453
1911,Private subsidized,151
1918,Private subsidized,263
1919,Private subsidized,167
1923,Private subsidized,292
1934,Private subsidized,509
1941,Private subsidized,239
1958,Corp. municipal,240
1959,Corp. municipal,137
1967,Corp. municipal,384
1969,Corp. municipal,161
1971,Corp. municipal,139
1977,Private subsidized,596
1980,Private subsidized,143
1996,Municipal,563
1997,Municipal,143
2007,Private subsidized,118
2012,Municipal,300
2013,Municipal,664
2018,Municipal,226
2040,Private subsidized,249
2041,Private subsidized,178
2042,Private subsidized,363
2043,Private subsidized,131
2044,Private subsidized,745
2045,Private subsidized,164
2049,Private subsidized,181
2050,Private subsidized,121
2055,Private subsidized,126
2064,Municipal,495
2075,Municipal,288
2078,Municipal,304
2084,Municipal,423
2090,Private subsidized,155
2091,Municipal,321
2099,Private subsidized,145
2102,Delegated,679
2103,Delegated,1144
2104,Corp. municipal,1740
2105,Delegated,1234
2109,Corp. municipal,485
2110,Corp. municipal,1575
2111,Corp. municipal,588
2123,Corp. municipal,610
2124,Corp. municipal,226
2134,Corp. municipal,435
2150,Private subsidized,156
2163,Private subsidized,198
2164,Private subsidized,285
2165,Private subsidized,212
2166,Private subsidized,460
2170,Fully private,178
2171,Private subsidized,129
2183,Private subsidized,161
2194,Fully private,307
2200,Fully private,623
2205,Municipal,262
2206,Municipal,136
2217,Private subsidized,171
2218,Private subsidized,183
2219,Private subsidized,301
2222,Municipal,494
2224,Municipal,148
2259,Private subsidized,280
2260,Fully private,223
2278,Private subsidized,627
2280,Municipal,561
2283,Municipal,504
2308,Private subsidized,336
2309,Private subsidized,208
2319,Municipal,309
2326,Private subsidized,302
2329,Corp. municipal,1198
2339,Corp. municipal,132
2355,Private subsidized,319
2356,Private subsidized,265
2375,Municipal,422
2378,Municipal,315
2401,Private subsidized,267
2406,Municipal,144
2411,Municipal,519
2422,Municipal,755
2442,Delegated,628
2443,Delegated,833
2444,SLEP,517
2447,SLEP,307
2448,SLEP,356
2453,Private subsidized,217
2454,Private subsidized,789
2455,Private subsidized,341
2482,Fully private,392
2485,Delegated,484
2486,SLEP,797
2514,Private subsidized,219
2530,SLEP,428
2551,Municipal,617
2552,Municipal,1179
2579,Private subsidized,488
2580,Private subsidized,337
2583,Municipal,317
2612,Municipal,158
2625,Municipal,379
2635,Municipal,649
2656,Private subsidized,159
2657,Municipal,296
2681,Municipal,298
2701,Municipal,193
2733,Municipal,357
2782,Private subsidized,489
2785,Private subsidized,138
2786,Fully private,399
2787,Private subsidized,238
2789,Fully private,163
2793,Delegated,1167
2794,Municipal,373
2835,Municipal,486
2836,Municipal,259
2863,Private subsidized,175
2865,Delegated,347
2882,Municipal,481
2896,Municipal,246
2930,Municipal,224
2934,Municipal,1058
2935,Municipal,1291
2937,Municipal,626
2938,Municipal,1147
2939,Municipal,226
2973,Municipal,1770
2991,Private subsidized,284
2992,Private subsidized,422
2995,Private subsidized,538
2997,Private subsidized,168
3003,Private subsidized,220
3005,Private subsidized,344
3006,Private subsidized,1210
3012,Fully private,280
3013,Private subsidized,426
3014,Fully private,350
3015,Fully private,251
3016,Municipal,197
3033,Municipal,212
3055,Municipal,546
3108,Private subsidized,177
3126,Private subsidized,250
3127,Delegated,415
3128,Municipal,151
3163,Delegated,642
3165,Municipal,645
3172,Municipal,192
3173,Municipal,168
3202,Private subsidized,409
3204,Fully private,102
3205,Municipal,284
3247,Municipal,1231
3248,Municipal,1259
3252,Municipal,990
3290,Private subsidized,594
3296,Private subsidized,849
3298,Private subsidized,344
3300,Private subsidized,357
3302,Private subsidized,228
3303,Private subsidized,281
3304,Private subsidized,226
3305,Municipal,546
3308,Private subsidized,151
3311,Private subsidized,174
3313,Municipal,161
3327,Delegated,231
3328,Municipal,536
3348,Municipal,486
3387,Municipal,615
3430,Private subsidized,156
3431,Private subsidized,341
3432,Private subsidized,414
3433,Private subsidized,185
3434,Municipal,766
3460,Private subsidized,232
3461,Municipal,197
3479,Municipal,1324
3530,Private subsidized,311
3531,Private subsidized,312
3533,Private subsidized,350
3538,Municipal,431
3539,Municipal,749
3540,Municipal,591
3608,Private subsidized,280
3609,Municipal,396
3618,Municipal,262
3638,Municipal,802
3639,Municipal,258
3640,Delegated,813
3641,Delegated,558
3642,Delegated,420
3656,Municipal,162
3662,Municipal,149
3711,Private subsidized,285
3713,Private subsidized,669
3718,Private subsidized,462
3719,Private subsidized,204
3720,Fully private,127
3723,Private subsidized,225
3724,Private subsidized,344
3728,Private subsidized,170
3730,Private subsidized,153
3735,Private subsidized,410
3739,Delegated,309
3742,SLEP,676
3743,SLEP,234
3795,Private subsidized,271
3796,Private subsidized,462
3797,Private subsidized,475
3802,SLEP,241
3823,SLEP,218
3865,Private subsidized,654
3871,SLEP,371
3885,Private subsidized,271
3886,Municipal,155
3887,Municipal,189
3907,Private subsidized,244
3909,Municipal,762
3940,Municipal,450
3941,Municipal,155
3960,Private subsidized,168
3961,Municipal,240
3976,Municipal,405
3977,Municipal,261
3998,Municipal,347
4025,Municipal,265
4049,Municipal,776
4102,Municipal,585
4124,Municipal,223
4140,Municipal,1220
4141,Municipal,157
4160,Private subsidized,434
4162,Municipal,1327
4163,Municipal,1074
4164,Municipal,1053
4165,Municipal,832
4166,Municipal,832
4190,Municipal,151
4262,Private subsidized,254
4263,Private subsidized,525
4269,Private subsidized,263
4277,Private subsidized,1019
4285,Fully private,391
4286,Fully private,181
4287,Delegated,607
4288,Municipal,625
4289,Municipal,590
4307,Private subsidized,370
4309,Municipal,321
4324,Municipal,198
4331,Municipal,190
4353,Municipal,378
4382,Private subsidized,172
4404,Municipal,656
4408,Municipal,489
4446,Municipal,330
4451,Municipal,924
4483,Municipal,1103
4505,Municipal,269
4507,Municipal,171
4530,Private subsidized,322
4531,SLEP,478
4533,Delegated,522
4534,Delegated,1097
4535,Delegated,490
4536,Delegated,218
4553,SLEP,413
4555,SLEP,245
4557,SLEP,190
4560,SLEP,187
4562,Municipal,286
4564,SLEP,583
4572,SLEP,161
4574,SLEP,341
4575,SLEP,159
4588,SLEP,326
4617,Municipal,148
4630,Private subsidized,634
4631,Private subsidized,541
4636,Private subsidized,157
4644,Private subsidized,455
4646,Private subsidized,312
4655,Private subsidized,334
4656,Private subsidized,282
4659,Private subsidized,294
4662,Private subsidized,506
4663,Private subsidized,506
4664,Private subsidized,336
4666,Private subsidized,310
4667,Private subsidized,254
4669,Private subsidized,361
4672,Private subsidized,511
4677,Private subsidized,180
4679,Fully private,240
4680,Fully private,190
4686,Fully private,273
4687,Fully private,300
4688,Fully private,268
4689,Fully private,278
4691,Private subsidized,134
4694,Fully private,363
4698,Fully private,216
4700,Delegated,716
4702,Municipal,1068
4703,Municipal,256
4706,Municipal,236
4707,Municipal,485
4708,Municipal,171
4709,Municipal,579
4762,Private subsidized,757
4778,Private subsidized,259
4779,Private subsidized,331
4782,Private subsidized,442
4785,Private subsidized,224
4790,Private subsidized,181
4796,Fully private,185
4798,Fully private,437
4805,Municipal,679
4822,Private subsidized,175
4824,Delegated,427
4825,Municipal,360
4829,Municipal,546
4830,Municipal,273
4865,Private subsidized,254
4868,Private subsidized,177
4870,SLEP,218
4897,SLEP,531
4922,Private subsidized,156
4925,Municipal,520
4948,Municipal,267
4951,Municipal,790
4952,Municipal,158
4958,Municipal,137
4973,Private subsidized,254
4975,Delegated,192
4977,Municipal,945
4982,Municipal,1285
4983,Municipal,357
4984,Municipal,187
5021,Municipal,528
5024,Municipal,609
5026,Municipal,294
5048,Municipal,668
5082,Private subsidized,567
5084,Municipal,1174
5104,Private subsidized,214
5105,Municipal,465
5109,Municipal,258
5122,Private subsidized,359
5126,Municipal,658
5150,Private subsidized,513
5153,Private subsidized,143
5155,Municipal,349
5215,Delegated,606
5216,Municipal,345
5218,Municipal,702
5219,Municipal,961
5264,Private subsidized,326
5265,Private subsidized,151
5266,Fully private,114
5270,Municipal,268
5282,Municipal,830
5315,Private subsidized,508
5323,Municipal,511
5343,Delegated,366
5344,Municipal,616
5393,Municipal,904
5394,Municipal,501
5434,Private subsidized,321
5435,Private subsidized,308
5439,Municipal,368
5440,Municipal,321
5465,Private subsidized,271
5507,Municipal,341
5509,Municipal,226
5565,Municipal,243
5566,Delegated,816
5567,Municipal,241
5568,Municipal,806
5569,Municipal,379
5570,Municipal,2065
5574,Private subsidized,193
5613,Municipal,296
5652,Private subsidized,292
5653,Private subsidized,295
5654,Private subsidized,1036
5655,Private subsidized,873
5656,Private subsidized,1025
5658,Private subsidized,266
5659,Private subsidized,336
5661,Private subsidized,339
5662,Private subsidized,254
5663,Private subsidized,1101
5666,Private subsidized,2057
5669,Private subsidized,129
5670,Private subsidized,264
5713,Private subsidized,253
5808,Fully private,145
5810,Fully private,283
5812,Fully private,237
5813,Private subsidized,289
5814,Private subsidized,421
5816,Private subsidized,291
5823,Municipal,941
5879,Municipal,305
5897,Municipal,215
5921,Private subsidized,493
5957,Municipal,424
5992,Private subsidized,222
6007,Municipal,161
6051,Municipal,364
6052,Municipal,227
6070,Private subsidized,331
6084,Municipal,487
6085,Municipal,606
6087,Municipal,142
6112,Private subsidized,877
6113,Private subsidized,532
6118,Private subsidized,251
6120,Private subsidized,270
6122,Private subsidized,167
6135,Private subsidized,192
6163,Municipal,424
6188,Private subsidized,117
6223,Municipal,438
6252,Private subsidized,682
6253,Private subsidized,778
6269,Municipal,258
6301,Municipal,302
6302,Municipal,540
6336,Private subsidized,303
6348,SLEP,362
6398,SLEP,137
6497,SLEP,715
6500,SLEP,464
6584,Delegated,419
6585,SLEP,744
6643,Private subsidized,386
6644,Private subsidized,350
6708,Municipal,436
6751,Municipal,732
6752,Municipal,753
6753,Municipal,356
6754,Municipal,590
6755,Municipal,470
6766,Municipal,192
6770,Municipal,143
6826,Private subsidized,177
6828,Private subsidized,116
6829,Private subsidized,333
6830,Private subsidized,325
6832,Private subsidized,166
6835,Private subsidized,279
6836,Private subsidized,160
6843,Fully private,246
6844,Fully private,211
6846,Municipal,271
6895,Private subsidized,284
6896,Private subsidized,340
6897,Municipal,516
6929,Municipal,757
6983,Municipal,171
7004,Private subsidized,130
7006,Private subsidized,526
7015,Municipal,238
7031,Municipal,183
7044,Private subsidized,217
7049,Corp. municipal,254
7102,Private subsidized,298
7128,Municipal,235
7129,Municipal,716
7135,Municipal,172
7181,Private subsidized,174
7183,Private subsidized,136
7200,Municipal,900
7236,Municipal,450
7276,Private subsidized,320
7299,Municipal,263
7325,Municipal,1123
7326,Municipal,526
7328,Municipal,411
7329,Municipal,983
7331,Municipal,995
7388,Private subsidized,306
7401,Private subsidized,318
7406,Fully private,451
7414,Fully private,155
7415,Fully private,179
7416,Fully private,211
7435,Fully private,208
7470,Private subsidized,367
7505,Municipal,406
7536,Private subsidized,354
7542,Municipal,185
7572,Private subsidized,156
7578,Delegated,380
7625,Municipal,431
7626,Municipal,578
7627,Municipal,769
7628,Municipal,405
7629,Municipal,602
7639,Municipal,279
7650,Municipal,173
7651,Municipal,140
7699,Private subsidized,1069
7700,Fully private,427
7701,Private subsidized,358
7705,Private subsidized,630
7706,Private subsidized,404
7707,Private subsidized,290
7709,Private subsidized,310
7717,Fully private,176
7720,SLEP,467
7722,SLEP,155
7742,Fully private,286
7743,Private subsidized,533
7744,Private subsidized,348
7772,Municipal,522
7773,Municipal,170
7826,Private subsidized,447
7830,Municipal,200
7907,Private subsidized,363
7941,SLEP,434
7942,Private subsidized,227
7956,SLEP,363
7973,SLEP,520
7989,Private subsidized,163
8001,Corp. municipal,1194
8002,Corp. municipal,862
8044,Corp. municipal,256
8105,Corp. municipal,418
8108,Private subsidized,759
8109,Private subsidized,658
8111,Municipal,184
8162,Corp. municipal,250
8174,Corp. municipal,482
8194,Private subsidized,221
8206,Corp. municipal,342
8255,Corp. municipal,460
8345,SLEP,364
8365,Private subsidized,697
8367,Private subsidized,266
8369,Delegated,192
8375,SLEP,307
8394,SLEP,217
8411,SLEP,303
8421,Private subsidized,291
8424,SLEP,529
8425,SLEP,371
8427,SLEP,345
8429,SLEP,467
8430,SLEP,170
8442,SLEP,251
8454,Private subsidized,456
8455,Private subsidized,298
8457,Private subsidized,266
8458,Private subsidized,265
8463,Fully private,136
8464,Fully private,187
8474,SLEP,327
8485,Municipal,2622
8487,Municipal,1862
8488,Municipal,309
8489,Municipal,355
8490,Municipal,256
8491,Municipal,1146
8492,Municipal,526
8494,Municipal,318
8495,Municipal,199
8496,Municipal,286
8497,Municipal,235
8498,Municipal,230
8499,Municipal,805
8500,Municipal,648
8502,Delegated,623
8503,Municipal,1150
8504,Delegated,719
8505,Delegated,898
8506,Delegated,857
8507,Delegated,1086
8508,Municipal,247
8510,Municipal,253
8511,Delegated,229
8514,Municipal,425
8542,Municipal,155
8553,Municipal,414
8589,Private subsidized,528
8592,Private subsidized,322
8598,Private subsidized,239
8603,Private subsidized,1359
8604,Private subsidized,283
8609,Fully private,398
8611,Private subsidized,341
8613,Private subsidized,137
8614,Private subsidized,316
8616,Private subsidized,638
8617,Private subsidized,779
8618,Private subsidized,135
8625,Private subsidized,540
8627,Private subsidized,590
8629,Private subsidized,314
8632,Private subsidized,463
8634,Private subsidized,272
8636,Private subsidized,541
8639,Private subsidized,227
8643,Private subsidized,408
8644,Private subsidized,489
8645,Private subsidized,515
8649,Private subsidized,153
8650,Private subsidized,309
8652,Private subsidized,174
8658,Private subsidized,249
8663,Private subsidized,376
8666,Private subsidized,149
8675,Private subsidized,229
8676,Private subsidized,241
8680,Private subsidized,254
8681,Private subsidized,329
8682,Private subsidized,358
8697,Private subsidized,317
8724,Private subsidized,127
8740,Private subsidized,156
8748,Fully private,589
8750,Fully private,372
8754,Fully private,280
8756,Private subsidized,651
8757,Fully private,551
8761,Fully private,347
8769,Fully private,186
8791,Private subsidized,296
8811,Private subsidized,712
8812,Delegated,389
8813,Delegated,712
8814,Delegated,249
8815,Corp. municipal,297
8818,Private subsidized,255
8819,Private subsidized,242
8821,Municipal,415
8822,Corp. municipal,229
8825,Municipal,272
8827,Private subsidized,278
8828,Corp. municipal,351
8833,Private subsidized,140
8835,Corp. municipal,206
8841,Private subsidized,268
8846,Fully private,249
8849,Private subsidized,298
8854,Private subsidized,166
8862,Fully private,416
8863,Fully private,295
8867,Fully private,280
8868,Fully private,206
8869,Fully private,330
8870,Fully private,382
8871,Fully private,275
8872,Fully private,215
8873,Fully private,472
8877,Fully private,551
8878,Fully private,270
8880,Fully private,267
8885,Fully private,213
8888,Fully private,574
8892,Fully private,409
8893,Fully private,334
8894,Fully private,177
8900,Fully private,293
8902,Fully private,261
8903,Fully private,128
8904,Fully private,226
8906,Fully private,743
8909,Fully private,322
8917,Fully private,470
8919,Fully private,283
8923,Fully private,580
8925,Corp. municipal,922
8926,Corp. municipal,879
8927,Corp. municipal,1172
8928,Corp. municipal,1562
8930,Corp. municipal,944
8938,Private subsidized,405
8944,Private subsidized,290
8945,Private subsidized,480
8950,Fully private,220
8953,Fully private,218
8954,Private subsidized,314
8966,Fully private,475
8969,Fully private,195
8972,Fully private,445
8978,Fully private,405
8979,Fully private,540
8981,Fully private,172
8984,Fully private,296
8991,Fully private,443
8992,Fully private,225
8995,Fully private,522
8996,Fully private,531
8997,Private subsidized,153
8998,Fully private,123
9003,Fully private,423
9006,Corp. municipal,409
9007,Corp. municipal,230
9008,Corp. municipal,285
9020,Private subsidized,267
9033,Private subsidized,276
9042,Fully private,281
9046,Fully private,558
9051,Fully private,530
9053,Fully private,329
9058,Delegated,824
9060,Delegated,390
9061,Delegated,274
9063,Delegated,899
9064,Delegated,489
9065,Delegated,482
9071,Corp. municipal,480
9072,SLEP,296
9073,Corp. municipal,459
9074,Corp. municipal,1010
9077,Corp. municipal,419
9078,Corp. municipal,301
9082,Corp. municipal,561
9087,Corp. municipal,270
9088,Corp. municipal,341
9100,Corp. municipal,541
9105,Corp. municipal,223
9106,Corp. municipal,580
9140,Private subsidized,182
9147,Private subsidized,141
9150,Private subsidized,216
9158,Private subsidized,356
9159,Private subsidized,257
9164,Private subsidized,558
9168,Private subsidized,242
9177,Private subsidized,174
9179,Private subsidized,238
9182,Private subsidized,222
9184,Private subsidized,148
9185,Private subsidized,461
9194,Private subsidized,420
9200,Private subsidized,134
9208,Private subsidized,209
9209,Private subsidized,223
9216,Fully private,153
9217,Fully private,141
9221,Fully private,325
9237,Fully private,327
9239,Fully private,129
9244,Fully private,211
9246,Fully private,310
9249,Fully private,203
9250,Fully private,453
9259,Fully private,410
9267,Fully private,450
9271,Fully private,204
9276,Fully private,186
9277,Fully private,250
9278,Fully private,195
9281,Corp. municipal,349
9283,Corp. municipal,179
9288,Corp. municipal,168
9292,Corp. municipal,277
9298,Corp. municipal,262
9312,Private subsidized,567
9317,Private subsidized,348
9328,Private subsidized,540
9332,Private subsidized,214
9340,Private subsidized,690
9347,Private subsidized,759
9356,Private subsidized,539
9362,Private subsidized,290
9369,Private subsidized,306
9373,Private subsidized,235
9375,Private subsidized,377
9377,Private subsidized,488
9385,Private subsidized,317
9405,Corp. municipal,297
9406,Corp. municipal,441
9407,Delegated,696
9408,Delegated,282
9409,Delegated,616
9411,SLEP,200
9472,Private subsidized,1261
9474,Private subsidized,353
9484,Private subsidized,287
9486,Private subsidized,252
9487,Private subsidized,177
9489,Private subsidized,270
9502,Private subsidized,166
9504,Private subsidized,688
9505,Private subsidized,328
9519,Private subsidized,306
9534,Private subsidized,401
9553,Private subsidized,139
9564,Private subsidized,357
9570,Private subsidized,361
9579,Delegated,605
9581,Delegated,491
9582,SLEP,232
9583,Municipal,535
9584,Delegated,346
9587,SLEP,186
9599,Municipal,182
9601,Municipal,198
9608,Municipal,144
9634,Private subsidized,610
9637,Private subsidized,530
9638,Private subsidized,133
9646,Private subsidized,508
9647,Private subsidized,394
9655,Private subsidized,337
9656,Private subsidized,397
9659,Private subsidized,449
9660,Private subsidized,443
9665,Private subsidized,344
9673,Private subsidized,175
9684,Private subsidized,274
9686,Delegated,343
9687,Municipal,250
9688,Municipal,317
9693,Municipal,872
9694,Delegated,292
9754,Private subsidized,483
9757,Private subsidized,266
9758,Private subsidized,322
9759,Private subsidized,340
9766,Private subsidized,166
9767,Private subsidized,321
9768,Private subsidized,456
9771,Private subsidized,321
9779,Private subsidized,582
9780,Private subsidized,147
9781,Private subsidized,1203
9784,Private subsidized,165
9796,Private subsidized,134
9797,Private subsidized,167
9799,Private subsidized,523
9800,Private subsidized,322
9801,Private subsidized,262
9810,Private subsidized,238
9824,Private subsidized,289
9827,Private subsidized,648
9829,Private subsidized,601
9834,Private subsidized,636
9844,Private subsidized,211
9845,Private subsidized,271
9852,Private subsidized,446
9853,Private subsidized,157
9860,Delegated,715
9861,Municipal,204
9862,Municipal,543
9863,Corp. municipal,305
9864,Corp. municipal,286
9865,Municipal,221
9866,Delegated,459
9867,Corp. municipal,591
9889,Corp. municipal,266
9896,Corp. municipal,316
9897,Private subsidized,1223
9900,Private subsidized,759
9903,Private subsidized,388
9905,Private subsidized,336
9906,Private subsidized,349
9907,Private subsidized,287
9909,Private subsidized,1114
9911,Private subsidized,335
9912,Private subsidized,188
9917,Private subsidized,804
9919,Private subsidized,159
9924,Private subsidized,412
9926,Private subsidized,132
9930,Private subsidized,144
9937,Private subsidized,279
9940,Private subsidized,344
9947,Private subsidized,627
9950,Private subsidized,161
9955,Private subsidized,150
9957,Private subsidized,858
9959,Private subsidized,777
9960,Private subsidized,126
9967,Private subsidized,212
9972,Private subsidized,196
9973,Private subsidized,131
9981,Delegated,517
9982,Delegated,840
9985,Corp. municipal,358
9986,Corp. municipal,218
10023,Private subsidized,271
10030,Private subsidized,599
10042,Private subsidized,356
10044,Private subsidized,686
10052,Private subsidized,370
10058,Private subsidized,234
10069,Private subsidized,307
10073,Delegated,681
10075,SLEP,262
10076,SLEP,541
10077,SLEP,396
10091,SLEP,198
10106,SLEP,207
10130,SLEP,145
10158,Private subsidized,298
10162,Private subsidized,176
10164,Private subsidized,164
10187,Private subsidized,359
10193,Private subsidized,151
10196,Delegated,821
10199,Municipal,228
10220,Private subsidized,274
10223,Private subsidized,681
10224,Private subsidized,316
10232,Private subsidized,309
10240,Municipal,299
10246,Private subsidized,566
10248,Delegated,645
10250,Municipal,270
10251,Corp. municipal,174
10252,Municipal,197
10253,Corp. municipal,539
10254,Municipal,209
10255,Municipal,592
10259,Corp. municipal,235
10269,Corp. municipal,143
10313,Private subsidized,367
10315,Private subsidized,169
10320,Private subsidized,383
10329,Private subsidized,235
10337,Private subsidized,150
10344,Private subsidized,309
10350,Private subsidized,249
10385,Private subsidized,160
10396,Delegated,600
10397,Delegated,345
10399,Corp. municipal,1127
10405,Corp. municipal,502
10408,Corp. municipal,384
10415,Private subsidized,645
10419,Corp. municipal,963
10432,Corp. municipal,390
10433,Corp. municipal,180
10450,Corp. municipal,533
10452,Corp. municipal,239
10453,Corp. municipal,555
10455,Corp. municipal,185
10456,Corp. municipal,591
10457,Corp. municipal,274
10470,Corp. municipal,598
10479,Private subsidized,161
10484,Private subsidized,321
10487,Private subsidized,1088
10489,Private subsidized,297
10491,Private subsidized,185
10493,Private subsidized,402
10496,Private subsidized,842
10500,Private subsidized,333
10501,Private subsidized,272
10503,Private subsidized,290
10505,Private subsidized,318
10506,Private subsidized,248
10507,Private subsidized,821
10516,Corp. municipal,261
10520,Corp. municipal,208
10526,Corp. municipal,390
10540,Private subsidized,167
10541,Delegated,1192
10542,Corp. municipal,258
10543,Corp. municipal,412
10544,Corp. municipal,833
10545,Corp. municipal,461
10551,Corp. municipal,159
10573,Municipal,152
10584,Corp. municipal,242
10592,Corp. municipal,151
10594,Private subsidized,120
10600,Private subsidized,378
10604,Private subsidized,187
10606,Private subsidized,130
10607,Private subsidized,174
10608,Private subsidized,697
10610,Private subsidized,272
10611,Fully private,317
10618,Private subsidized,800
10626,Private subsidized,134
10632,Private subsidized,304
10635,Fully private,319
10638,Corp. municipal,1036
10641,Corp. municipal,218
10642,Corp. municipal,285
10645,Corp. municipal,172
10658,Private subsidized,1249
10662,Private subsidized,121
10663,Municipal,738
10666,Municipal,361
10667,Municipal,197
10669,Municipal,148
10685,Private subsidized,300
10686,Corp. municipal,269
10696,Corp. municipal,557
10697,Corp. municipal,984
10699,Corp. municipal,185
10710,Private subsidized,261
10711,Private subsidized,771
10713,Private subsidized,260
10715,Private subsidized,362
10717,Private subsidized,360
10721,Private subsidized,434
10723,Private subsidized,111
10724,Fully private,244
10725,Corp. municipal,429
10726,Corp. municipal,249
10727,Corp. municipal,160
10734,Private subsidized,426
10735,Municipal,167
10746,Municipal,258
10749,Municipal,398
10751,Municipal,206
10757,Private subsidized,253
10772,Private subsidized,322
10773,Private subsidized,688
10780,Corp. municipal,1199
10781,Corp. municipal,536
10783,Corp. municipal,194
10792,Corp. municipal,257
10828,Private subsidized,344
10829,Private subsidized,190
10830,Private subsidized,455
10831,Private subsidized,486
10832,Private subsidized,1432
10833,Private subsidized,352
10834,Fully private,159
10845,Municipal,782
10851,Private subsidized,148
10854,Municipal,306
10873,Municipal,239
10892,Private subsidized,870
10900,Fully private,209
10906,Private subsidized,139
10911,SLEP,600
10915,Private subsidized,453
10917,SLEP,810
10962,Private subsidized,403
10967,Corp. municipal,609
10968,Corp. municipal,684
10970,Corp. municipal,1000
11034,SLEP,446
11038,SLEP,311
11103,Fully private,116
11105,Private subsidized,327
11106,Private subsidized,455
11107,Fully private,123
11111,Municipal,280
11130,Private subsidized,152
11139,SLEP,441
11144,Private subsidized,259
11145,Private subsidized,177
11155,Corp. municipal,513
11157,Private subsidized,141
11176,Fully private,434
11177,Private subsidized,296
11199,Municipal,198
11209,Private subsidized,117
11240,Private subsidized,134
11256,Private subsidized,330
11265,Private subsidized,477
11284,Corp. municipal,289
11287,Municipal,376
11291,Fully private,193
11336,Private subsidized,164
11344,Private subsidized,218
11348,Private subsidized,226
11397,Private subsidized,172
11400,Municipal,306
11430,Private subsidized,345
11498,Private subsidized,371
11527,Private subsidized,235
11591,Municipal,241
11608,Private subsidized,630
11678,Private subsidized,157
11680,Private subsidized,164
11681,Fully private,256
11706,Private subsidized,227
11712,Private subsidized,201
11776,Fully private,325
11805,Private subsidized,135
11812,Private subsidized,393
11818,Private subsidized,237
11831,Corp. municipal,746
11843,Private subsidized,213
11851,Private subsidized,408
11871,Fully private,285
11883,Corp. municipal,502
11918,Private subsidized,283
11931,Private subsidized,152
11936,Private subsidized,222
11950,Private subsidized,344
11962,Fully private,401
11965,Private subsidized,267
11968,Fully private,515
11971,Fully private,200
11977,Private subsidized,174
11993,Corp. municipal,126
11994,Private subsidized,216
12001,Private subsidized,146
12004,Private subsidized,225
12005,Private subsidized,802
12015,Fully private,178
12024,Fully private,171
12027,Private subsidized,360
12031,Private subsidized,175
12032,Private subsidized,143
12033,Private subsidized,830
12037,Private subsidized,190
12046,Private subsidized,122
12050,Private subsidized,316
12062,Private subsidized,950
12063,Fully private,174
12077,Private subsidized,299
12085,Private subsidized,120
12087,Fully private,333
12094,Fully private,258
12111,Private subsidized,254
12115,Private subsidized,357
12117,Municipal,653
12151,Private subsidized,1089
12177,Private subsidized,346
12183,Private subsidized,137
12192,Private subsidized,779
12217,Private subsidized,927
12225,Private subsidized,286
12241,Private subsidized,145
12242,Private subsidized,319
12244,Private subsidized,490
12265,Fully private,175
12295,Fully private,174
12305,Private subsidized,285
12309,Private subsidized,174
12332,Municipal,299
12336,Municipal,488
12368,Private subsidized,296
12502,Fully private,120
12509,Private subsidized,260
12515,Private subsidized,127
12518,Private subsidized,340
12534,Private subsidized,641
12547,Private subsidized,651
12551,Municipal,407
12566,Private subsidized,572
12573,Private subsidized,279
12587,Private subsidized,326
12590,Private subsidized,182
12591,Private subsidized,367
12594,Private subsidized,144
12602,Private subsidized,265
12603,Private subsidized,365
12604,Private subsidized,244
12605,Private subsidized,388
12610,SLEP,339
12630,Private subsidized,289
12631,Private subsidized,534
12632,SLEP,292
12649,Private subsidized,447
12650,Private subsidized,1029
12652,Private subsidized,493
12655,Private subsidized,198
12667,Private subsidized,528
12669,Fully private,334
12672,Private subsidized,293
12686,Private subsidized,413
12712,Private subsidized,241
12713,Private subsidized,244
12716,Private subsidized,646
12720,Private subsidized,168
12747,Private subsidized,194
12749,Private subsidized,281
12775,Private subsidized,245
12781,Fully private,138
12800,Private subsidized,131
12802,Private subsidized,148
12823,Private subsidized,151
12829,Fully private,157
12830,Private subsidized,732
12832,Fully private,154
12836,Private subsidized,271
12837,Private subsidized,141
12838,Private subsidized,272
12842,Municipal,359
12846,Fully private,159
12851,Private subsidized,254
12853,Private subsidized,276
12855,Private subsidized,228
12864,Fully private,176
12868,Private subsidized,179
12870,Corp. municipal,299
12884,Fully private,175
12885,Private subsidized,460
12891,Private subsidized,373
12935,Private subsidized,313
12943,Private subsidized,814
12958,Private subsidized,153
12963,Private subsidized,414
12966,Fully private,160
12970,Private subsidized,197
12977,Private subsidized,402
12980,Corp. municipal,280
13103,Private subsidized,134
13112,Private subsidized,426
13117,Fully private,206
13125,Fully private,119
13145,SLEP,969
13146,Private subsidized,807
13156,Private subsidized,439
13168,SLEP,258
13185,SLEP,584
13188,Private subsidized,223
13202,SLEP,337
13220,Private subsidized,381
13300,Fully private,163
13313,Private subsidized,456
13314,Private subsidized,285
13319,Fully private,163
13324,Private subsidized,255
13344,Private subsidized,253
13352,Municipal,381
13356,Private subsidized,298
13360,Private subsidized,219
13361,Private subsidized,297
13370,Fully private,124
13372,Private subsidized,156
13373,Private subsidized,271
13383,Private subsidized,165
13384,Private subsidized,318
13387,Municipal,218
13388,Private subsidized,211
13417,Private subsidized,115
13420,Private subsidized,517
13427,Private subsidized,261
13434,Fully private,241
13439,Private subsidized,162
13442,Private subsidized,371
13446,Private subsidized,273
13450,Fully private,248
13461,SLEP,204
13475,Private subsidized,285
13486,Private subsidized,535
13489,Private subsidized,278
13491,Private subsidized,296
13503,Private subsidized,200
13504,Private subsidized,182
13513,Private subsidized,147
13535,Private subsidized,151
13542,Private subsidized,130
13551,Private subsidized,236
13553,Private subsidized,115
13558,SLEP,487
13561,SLEP,389
13565,Private subsidized,163
13573,Private subsidized,171
13574,Fully private,113
13576,Corp. municipal,332
13582,Private subsidized,430
13586,Private subsidized,287
13604,Private subsidized,152
13606,Private subsidized,298
13621,Private subsidized,128
13627,Private subsidized,167
13633,Private subsidized,145
14202,Municipal,190
14210,Private subsidized,481
14211,Private subsidized,152
14217,Fully private,108
14232,Private subsidized,201
14270,Private subsidized,135
14280,Fully private,182
14284,Private subsidized,363
14288,Private subsidized,160
14299,Private subsidized,172
14313,Private subsidized,161
14314,Private subsidized,104
14334,Fully private,353
14336,Private subsidized,125
14348,Private subsidized,310
14359,Private subsidized,596
14363,Private subsidized,496
14375,Private subsidized,252
14379,Fully private,167
14413,Private subsidized,169
14416,Private subsidized,342
14466,Fully private,136
14470,Corp. municipal,390
14487,Private subsidized,243
14490,Private subsidized,267
14498,Fully private,127
14506,Private subsidized,314
14510,Private subsidized,235
14514,Private subsidized,272
14523,Private subsidized,354
14526,Private subsidized,294
14527,Private subsidized,147
14534,Private subsidized,127
14537,Private subsidized,258
14538,Private subsidized,222
14541,Private subsidized,137
14552,Private subsidized,174
14565,Private subsidized,121
14568,Private subsidized,136
14594,Private subsidized,138
14605,Private subsidized,278
14608,Private subsidized,313
14614,Private subsidized,237
14629,Private subsidized,444
14641,Private subsidized,148
14642,Private subsidized,146
14670,Private subsidized,266
14671,Private subsidized,235
14673,Private subsidized,133
14674,Private subsidized,283
14687,Private subsidized,160
14697,Municipal,300
14699,Private subsidized,179
14703,Private subsidized,311
14716,Private subsidized,197
14717,Private subsidized,160
14720,Corp. municipal,346
14750,Private subsidized,108
14764,Fully private,226
14770,Private subsidized,266
14773,Private subsidized,129
14782,Private subsidized,131
14783,Private subsidized,338
14788,Private subsidized,130
14790,Private subsidized,220
14818,Private subsidized,180
14822,Private subsidized,225
14825,Private subsidized,146
14856,Private subsidized,221
14866,Private subsidized,301
14868,Private subsidized,143
14877,Municipal,272
14879,Private subsidized,844
14881,Municipal,274
14901,Private subsidized,254
14902,Fully private,114
14912,Private subsidized,349
14913,Private subsidized,122
14923,Private subsidized,169
14952,Fully private,119
15502,Private subsidized,304
15510,Fully private,208
15521,Fully private,226
15534,Fully private,226
15544,Private subsidized,111
15554,Private subsidized,242
15564,Fully private,182
15583,Corp. municipal,399
15600,Private subsidized,198
15601,Private subsidized,230
15610,Private subsidized,201
15621,Private subsidized,144
15624,Private subsidized,391
15627,Private subsidized,121
15633,Private subsidized,132
15646,Private subsidized,809
15657,Private subsidized,278
15662,Private subsidized,440
15664,Private subsidized,438
15676,Private subsidized,310
15683,Private subsidized,258
15684,Private subsidized,119
15690,Private subsidized,260
15700,Private subsidized,272
15720,Municipal,344
15722,Private subsidized,174
15739,Private subsidized,279
15744,Private subsidized,152
15745,Private subsidized,185
15759,Municipal,393
15767,Private subsidized,164
15769,Corp. municipal,146
15775,Private subsidized,169
15781,Municipal,268
15787,Private subsidized,181
15792,Private subsidized,162
15793,Private subsidized,159
15808,Municipal,179
15809,Private subsidized,213
15817,Private subsidized,355
15820,Private subsidized,224
15840,Private subsidized,216
15843,Municipal,582
16410,Private subsidized,195
16415,Private subsidized,461
16417,Private subsidized,832
16424,Municipal,278
16427,Private subsidized,174
16434,Private subsidized,388
16441,Private subsidized,552
16443,Private subsidized,758
16446,Private subsidized,444
16448,Private subsidized,496
16452,Municipal,463
16453,Fully private,118
16467,Private subsidized,350
16469,Municipal,284
16470,Fully private,244
16477,Private subsidized,123
16488,Private subsidized,171
16494,Private subsidized,138
16502,Private subsidized,242
16507,Private subsidized,139
16508,Private subsidized,268
16509,Private subsidized,138
16512,Private subsidized,166
16535,Private subsidized,239
16541,Private subsidized,238
16549,Private subsidized,178
16550,Fully private,112
16551,Municipal,149
16564,Private subsidized,164
16570,Private subsidized,143
16582,Private subsidized,665
16583,Private subsidized,405
16587,Municipal,465
16588,Private subsidized,274
16600,Private subsidized,341
16608,Private subsidized,222
16627,Private subsidized,650
16634,Private subsidized,886
16644,Private subsidized,552
16676,Municipal,208
16678,Private subsidized,298
16697,Private subsidized,550
16716,Municipal,705
16728,Private subsidized,290
16729,Municipal,250
16730,Private subsidized,173
16748,Municipal,225
16749,Private subsidized,208
16751,Municipal,407
16754,Municipal,298
16756,Private subsidized,138
16793,Private subsidized,393
16807,Private subsidized,177
16830,Private subsidized,156
16843,Private subsidized,774
16844,Private subsidized,440
16886,Private subsidized,271
16923,Private subsidized,138
16932,Private subsidized,142
16985,Corp. municipal,194
17600,Private subsidized,710
17605,Private subsidized,328
17606,Fully private,387
17607,Private subsidized,281
17635,Private subsidized,529
17652,Private subsidized,176
17657,Private subsidized,351
17662,SLEP,560
17687,Private subsidized,318
17703,Private subsidized,306
17708,Private subsidized,115
17719,Private subsidized,153
17725,Private subsidized,174
17728,Private subsidized,122
17735,Private subsidized,234
17736,Private subsidized,290
17750,Private subsidized,929
17765,Private subsidized,330
17772,Private subsidized,598
17778,Private subsidized,363
17779,Private subsidized,157
17782,Municipal,191
17788,Private subsidized,509
17790,Municipal,454
17793,Private subsidized,305
17794,Private subsidized,804
17800,Private subsidized,302
17810,Private subsidized,178
17812,Private subsidized,349
17817,Private subsidized,116
17818,Private subsidized,557
17833,Private subsidized,653
17838,Private subsidized,314
17843,Private subsidized,625
17848,Private subsidized,151
17850,Private subsidized,597
17854,Private subsidized,114
17855,Private subsidized,274
17857,Private subsidized,361
17858,Private subsidized,256
17859,Private subsidized,429
17876,Private subsidized,279
17877,Private subsidized,352
17879,Private subsidized,311
17885,Municipal,879
17895,Private subsidized,325
17900,Private subsidized,142
17902,Private subsidized,176
17903,Private subsidized,153
17907,Private subsidized,310
17908,Private subsidized,352
17912,Private subsidized,323
17915,Private subsidized,224
17918,Private subsidized,372
17920,Private subsidized,328
18004,Municipal,577
18007,Fully private,275
18017,SLEP,192
18028,Private subsidized,296
18034,Private subsidized,301
18049,Private subsidized,321
18050,Private subsidized,137
18066,Private subsidized,546
18080,Municipal,372
18087,Private subsidized,154
18097,Private subsidized,485
18114,Private subsidized,135
18124,Private subsidized,139
18128,Private subsidized,151
18172,Private subsidized,312
18181,Private subsidized,304
18199,Private subsidized,269
18218,Municipal,165
18220,Private subsidized,166
18237,Private subsidized,327
18251,Private subsidized,137
19906,Municipal,810
19908,Fully private,233
19913,Municipal,369
19921,Private subsidized,137
19925,Private subsidized,293
19952,Private subsidized,291
19968,Private subsidized,170
19974,Private subsidized,352
19981,Private subsidized,123
19983,Private subsidized,330
20025,Municipal,280
20037,Private subsidized,201
20048,Private subsidized,296
20052,Private subsidized,199
20068,Private subsidized,112
20074,Private subsidized,135
20090,Private subsidized,136
20091,Fully private,262
20103,Municipal,265
20129,Private subsidized,210
20137,Private subsidized,327
20139,Private subsidized,287
20159,Private subsidized,829
20167,Private subsidized,295
20173,Private subsidized,326
20181,Private subsidized,181
20205,Private subsidized,135
20213,Private subsidized,139
20235,Fully private,266
20248,SLEP,152
20258,Private subsidized,363
20266,Municipal,284
20274,Private subsidized,164
20290,Private subsidized,235
20324,Private subsidized,140
20348,Private subsidized,189
20352,Private subsidized,425
20364,Private subsidized,349
20376,Municipal,182
20441,Fully private,165
20461,Private subsidized,281
20466,Private subsidized,253
20478,Private subsidized,655
20513,Fully private,172
22007,Private subsidized,218
22012,SLEP,245
22014,Private subsidized,121
22021,Municipal,268
22022,SLEP,425
22024,Private subsidized,187
22027,Municipal,307
22050,Municipal,217
22065,Private subsidized,359
22113,Municipal,269
22114,Private subsidized,301
22140,Private subsidized,877
22144,Fully private,202
22155,Private subsidized,136
22177,Fully private,121
22191,Private subsidized,344
22192,Private subsidized,313
22200,Private subsidized,231
22211,Private subsidized,126
22231,Fully private,194
22236,Private subsidized,261
22262,Private subsidized,194
22271,Private subsidized,336
22309,SLEP,221
22330,Private subsidized,111
22351,Private subsidized,315
22356,Private subsidized,258
22358,Private subsidized,163
22372,Private subsidized,120
22397,Private subsidized,242
22410,Private subsidized,294
22434,Private subsidized,701
22436,Private subsidized,470
22459,Private subsidized,150
22461,Private subsidized,184
22462,Private subsidized,210
22464,Corp. municipal,416
22478,Private subsidized,505
22483,Corp. municipal,522
22494,Private subsidized,617
22499,Private subsidized,497
22504,Corp. municipal,258
22506,Fully private,198
22516,Private subsidized,400
22540,Municipal,388
22542,Private subsidized,165
22543,Municipal,636
22544,Municipal,310
22553,Municipal,506
22560,Private subsidized,252
22564,Private subsidized,391
22597,Private subsidized,253
22602,Private subsidized,124
22609,Private subsidized,218
22626,Municipal,274
22629,Private subsidized,177
22634,Private subsidized,241
22655,Municipal,272
22664,Municipal,356
22672,Private subsidized,124
22674,Corp. municipal,210
22691,Municipal,464
22692,Private subsidized,174
22702,Private subsidized,216
22752,Private subsidized,466
22755,Municipal,334
22758,Municipal,150
24201,SLEP,204
24203,SLEP,191
24204,SLEP,153
24206,Private subsidized,298
24207,Private subsidized,329
24212,Private subsidized,247
24213,Private subsidized,121
24224,Private subsidized,309
24230,Private subsidized,252
24240,SLEP,278
24300,SLEP,332
24303,Fully private,144
24305,Private subsidized,152
24307,SLEP,419
24316,SLEP,370
24317,Private subsidized,125
24319,Fully private,139
24327,Private subsidized,345
24329,Private subsidized,444
24338,Private subsidized,136
24403,Municipal,224
24407,Private subsidized,197
24409,Fully private,176
24410,Private subsidized,357
24423,Private subsidized,295
24426,Private subsidized,252
24427,Private subsidized,355
24438,Private subsidized,166
24443,Corp. municipal,245
24444,Corp. municipal,233
24446,Private subsidized,372
24448,Private subsidized,134
24459,Private subsidized,287
24473,Private subsidized,511
24482,Private subsidized,1344
24486,Private subsidized,191
24496,Private subsidized,332
24498,Private subsidized,171
24623,Private subsidized,339
24624,Fully private,508
24626,Private subsidized,1169
24638,Municipal,393
24648,Private subsidized,318
24652,Private subsidized,354
24670,Fully private,108
24675,Private subsidized,126
24685,Private subsidized,1171
24686,Private subsidized,563
24713,Private subsidized,324
24714,Private subsidized,119
24715,Fully private,119
24717,Private subsidized,240
24721,Corp. municipal,141
24730,Private subsidized,140
24733,Private subsidized,647
24756,Private subsidized,307
24759,Private subsidized,124
24761,Fully private,249
24766,Private subsidized,142
24769,Private subsidized,230
24790,Private subsidized,131
24798,Fully private,128
24800,Private subsidized,158
24812,Private subsidized,228
24826,Fully private,198
24828,Private subsidized,477
24836,Fully private,229
24843,Private subsidized,307
24864,Private subsidized,241
24878,Private subsidized,1208
24884,Fully private,370
24885,Private subsidized,743
24889,SLEP,280
24894,Private subsidized,175
24898,Private subsidized,236
24903,Private subsidized,274
24908,Fully private,370
24912,Fully private,126
24927,Fully private,490
24944,Fully private,178
24946,Private subsidized,936
24956,Private subsidized,205
24963,Private subsidized,144
24976,Fully private,218
24977,Fully private,330
24978,Private subsidized,1092
24979,Fully private,266
24986,Fully private,204
24988,Fully private,182
25001,Fully private,318
25012,Private subsidized,479
25026,Private subsidized,269
25027,Private subsidized,264
25028,Private subsidized,232
25032,Private subsidized,387
25038,Private subsidized,140
25048,Fully private,264
25050,Private subsidized,230
25055,Fully private,370
25059,Private subsidized,310
25061,Private subsidized,178
25065,Fully private,870
25070,Private subsidized,169
25071,Private subsidized,238
25082,Private subsidized,226
25084,Private subsidized,171
25091,Private subsidized,630
25094,Private subsidized,137
25101,Private subsidized,419
25114,Private subsidized,412
25121,Private subsidized,339
25127,Fully private,112
25132,Private subsidized,387
25136,Private subsidized,272
25138,Private subsidized,149
25143,Fully private,398
25153,Private subsidized,557
25166,Private subsidized,291
25171,Private subsidized,216
25172,Fully private,507
25185,Private subsidized,292
25196,Private subsidized,234
25198,Private subsidized,527
25202,Fully private,464
25215,Private subsidized,467
25218,Private subsidized,353
25220,Private subsidized,294
25223,Private subsidized,323
25238,Private subsidized,287
25249,Fully private,194
25250,Private subsidized,232
25256,Private subsidized,315
25258,Private subsidized,179
25265,Private subsidized,247
25269,Private subsidized,125
25278,Fully private,117
25282,Private subsidized,474
25303,Private subsidized,136
25304,Private subsidized,522
25310,Fully private,234
25328,Private subsidized,225
25329,Fully private,320
25332,Fully private,125
25342,Private subsidized,273
25347,Private subsidized,238
25348,Fully private,301
25349,Private subsidized,264
25352,Private subsidized,768
25366,Fully private,160
25367,Private subsidized,343
25368,Private subsidized,429
25369,Private subsidized,1202
25371,Private subsidized,702
25382,Private subsidized,134
25386,Private subsidized,458
25387,Private subsidized,555
25389,Private subsidized,614
25393,Private subsidized,201
25395,Private subsidized,202
25396,Private subsidized,736
25402,Private subsidized,329
25418,Private subsidized,453
25434,Private subsidized,255
25439,Private subsidized,878
25442,Private subsidized,287
25448,Private subsidized,826
25452,Fully private,163
25458,Private subsidized,481
25462,Private subsidized,200
25464,Private subsidized,620
25471,Private subsidized,161
25475,Private subsidized,187
25477,Fully private,240
25478,Fully private,482
25481,Private subsidized,302
25482,Private subsidized,119
25487,Fully private,480
25496,Private subsidized,1357
25501,Private subsidized,333
25508,Private subsidized,130
25509,Private subsidized,279
25514,SLEP,219
25520,Private subsidized,334
25523,Private subsidized,387
25526,Private subsidized,344
25540,Private subsidized,290
25541,Private subsidized,158
25542,Private subsidized,369
25550,Private subsidized,378
25556,Private subsidized,193
25557,Private subsidized,275
25558,Private subsidized,241
25562,Private subsidized,327
25571,Private subsidized,256
25577,Private subsidized,192
25580,Private subsidized,325
25589,Private subsidized,144
25591,Corp. municipal,860
25592,Corp. municipal,164
25599,Private subsidized,305
25602,Fully private,117
25613,Private subsidized,330
25615,Private subsidized,156
25640,Fully private,261
25644,Private subsidized,237
25645,Private subsidized,1331
25650,Fully private,640
25654,Fully private,626
25655,Private subsidized,224
25669,Fully private,214
25675,Fully private,290
25676,Private subsidized,492
25693,Private subsidized,173
25695,Private subsidized,266
25697,Private subsidized,121
25700,Private subsidized,282
25703,Private subsidized,192
25704,Private subsidized,293
25709,Private subsidized,300
25711,Municipal,248
25713,Private subsidized,159
25714,Private subsidized,238
25716,Private subsidized,291
25717,Private subsidized,498
25722,Private subsidized,256
25724,Fully private,271
25725,Private subsidized,290
25727,Private subsidized,455
25737,Private subsidized,190
25739,Private subsidized,389
25749,Private subsidized,820
25751,Private subsidized,350
25766,Private subsidized,505
25770,Corp. municipal,952
25779,Private subsidized,375
25781,Private subsidized,485
25785,Fully private,144
25790,Private subsidized,121
25795,Private subsidized,316
25798,Private subsidized,178
25804,Private subsidized,442
25814,Private subsidized,119
25818,Private subsidized,642
25824,Private subsidized,640
25825,Fully private,136
25829,Private subsidized,309
25842,Fully private,180
25843,Private subsidized,265
25850,Private subsidized,164
25852,Fully private,273
25853,Private subsidized,799
25855,Corp. municipal,746
25865,Private subsidized,179
25882,Private subsidized,262
25885,Private subsidized,305
25894,Private subsidized,161
25895,Private subsidized,341
25899,Private subsidized,296
25916,Private subsidized,274
25919,Private subsidized,140
25921,Private subsidized,144
25922,Private subsidized,295
25926,Private subsidized,530
25929,Private subsidized,283
25936,Private subsidized,167
25944,Private subsidized,216
25950,Private subsidized,171
25960,Corp. municipal,291
25961,Private subsidized,472
25969,Private subsidized,721
25984,Private subsidized,134
25988,Private subsidized,419
25995,Private subsidized,545
25999,Private subsidized,944
26001,Private subsidized,474
26006,Private subsidized,151
26012,Private subsidized,355
26017,Private subsidized,156
26028,Fully private,123
26033,Private subsidized,515
26035,Private subsidized,328
26037,Municipal,426
26045,Private subsidized,241
26046,Fully private,359
26053,Private subsidized,384
26080,Fully private,161
26083,Private subsidized,195
26092,Private subsidized,243
26094,Private subsidized,207
26110,Private subsidized,357
26115,Private subsidized,507
26117,Private subsidized,241
26135,Private subsidized,504
26150,Private subsidized,126
26155,Fully private,249
26157,Corp. municipal,306
26168,Private subsidized,280
26219,Private subsidized,206
26238,Fully private,244
26254,Private subsidized,170
26260,Private subsidized,451
26268,Fully private,199
26269,Private subsidized,308
26272,Fully private,239
26292,Corp. municipal,585
26303,Private subsidized,266
26311,Fully private,146
26333,Corp. municipal,238
26335,Fully private,433
26362,Private subsidized,234
26365,Private subsidized,449
26367,Private subsidized,420
26368,Private subsidized,155
26372,Private subsidized,239
26378,Private subsidized,155
26379,Private subsidized,287
26381,Private subsidized,289
26383,Private subsidized,181
26384,Private subsidized,126
26399,Fully private,295
26405,Private subsidized,527
26411,Private subsidized,247
26416,Private subsidized,208
26436,Private subsidized,791
26454,Private subsidized,339
26465,Private subsidized,166
26466,Private subsidized,624
26476,Fully private,607
26482,Fully private,119
26501,SLEP,315
26503,Private subsidized,114
26524,Fully private,196
26538,Private subsidized,784
30001,Private subsidized,156
30003,Private subsidized,308
31010,Municipal,419
31030,Private subsidized,964
31037,Corp. municipal,663
31040,Fully private,116
31052,Private subsidized,160
31064,Private subsidized,261
31065,Corp. municipal,503
31066,Private subsidized,122
31068,Private subsidized,176
31071,Corp. municipal,653
31074,Corp. municipal,619
31078,Corp. municipal,329
31080,Private subsidized,187
31083,Private subsidized,461
31085,Private subsidized,374
31087,Private subsidized,140
31103,Municipal,330
31110,Private subsidized,330
31116,Private subsidized,612
31128,Municipal,265
31153,Corp. municipal,521
31161,Private subsidized,243
31253,Private subsidized,158
31260,Private subsidized,150
31262,Private subsidized,160
31264,Private subsidized,112
31274,Private subsidized,134
31276,Fully private,227
31278,Private subsidized,206
31288,SLEP,196
31290,Private subsidized,205
31293,Corp. municipal,381
31294,Corp. municipal,486
31295,Private subsidized,758
31299,Municipal,341
31327,Private subsidized,771
31340,Private subsidized,595
31342,Private subsidized,171
31343,Corp. municipal,641
31345,Corp. municipal,560
31373,Fully private,121
31378,Private subsidized,331
31379,Private subsidized,169
31387,Fully private,236
31388,Private subsidized,370
31432,Corp. municipal,258
31495,Private subsidized,134
40023,Fully private,301
40024,Municipal,461
40025,Municipal,294
40027,Private subsidized,144
40042,Private subsidized,234
40064,Private subsidized,173
40076,Private subsidized,248
40080,Municipal,467
40099,Municipal,165
40114,Municipal,603
40125,Fully private,208
40126,Municipal,353
40155,Private subsidized,198
40194,Private subsidized,325
40231,Private subsidized,150
40251,Private subsidized,514
40252,Private subsidized,399
40256,Private subsidized,490
40284,Private subsidized,133
40285,Private subsidized,134
40289,Municipal,319
40295,Private subsidized,248
40298,Private subsidized,371
40301,Corp. municipal,518
40305,Private subsidized,176
40310,Private subsidized,199
40316,Private subsidized,132
40319,Private subsidized,306
40320,Private subsidized,456
40340,SLEP,221
40343,Private subsidized,255
40351,Private subsidized,186
40352,Municipal,156
40370,Private subsidized,136
40371,Private subsidized,218
40422,Private subsidized,497
41009,Fully private,196
41109,Fully private,115
41135,Private subsidized,134
41617,Corp. municipal,610
41658,Private subsidized,253
41702,Fully private,197
