FROM_ID_IFP,FROM_FUNCTION,TO_ID_IFP,TO_FUNCTION,N,SHARE_WITHIN_START_FUNCTION
1,docente_de_aula,1,docente_de_aula,1326432,0.975891701000588
1,docente_de_aula,5,otra_en_establecimiento,12428,0.00914361389052384
1,docente_de_aula,2,planta_tecnico_pedagogica,5030,0.00370070629782225
1,docente_de_aula,7,jefe_unidad_tecnico_pedagogica,3595,0.00264493819894055
1,docente_de_aula,3,planta_directiva,2509,0.00184593878752207
1,docente_de_aula,8,inspector_general,2480,0.00182460270747499
1,docente_de_aula,4,director,1971,0.00145011771630371
1,docente_de_aula,9,orientador,1353,0.000995438493231313
1,docente_de_aula,11,tecnico_pedagogica,1298,0.000954973513831666
1,docente_de_aula,16,profesor_encargado_establecimiento,986,0.000725426721600942
1,docente_de_aula,6,otra_fuera_establecimiento,373,0.000274426133019423
1,docente_de_aula,17,educador_tradicional,231,0.000169952913478517
1,docente_de_aula,15,subdirector,226,0.00016627427898764
1,docente_de_aula,10,directiva,220,0.000161859917598587
1,docente_de_aula,12,supervision,68,5.0029429075927e-05
2,planta_tecnico_pedagogica,2,planta_tecnico_pedagogica,9582,0.734646937054359
2,planta_tecnico_pedagogica,1,docente_de_aula,2129,0.163229318408342
2,planta_tecnico_pedagogica,7,jefe_unidad_tecnico_pedagogica,458,0.0351146208694319
2,planta_tecnico_pedagogica,5,otra_en_establecimiento,247,0.0189373610365713
2,planta_tecnico_pedagogica,3,planta_directiva,136,0.0104270489917964
2,planta_tecnico_pedagogica,4,director,135,0.0103503795139155
2,planta_tecnico_pedagogica,11,tecnico_pedagogica,110,0.00843364256689412
2,planta_tecnico_pedagogica,8,inspector_general,104,0.00797362569960899
2,planta_tecnico_pedagogica,9,orientador,62,0.00475350762861305
2,planta_tecnico_pedagogica,15,subdirector,24,0.00184006746914054
2,planta_tecnico_pedagogica,16,profesor_encargado_establecimiento,22,0.00168672851337882
2,planta_tecnico_pedagogica,6,otra_fuera_establecimiento,15,0.00115004216821283
2,planta_tecnico_pedagogica,10,directiva,11,0.000843364256689412
2,planta_tecnico_pedagogica,17,educador_tradicional,6,0.000460016867285134
2,planta_tecnico_pedagogica,12,supervision,2,0.000153338955761711
3,planta_directiva,3,planta_directiva,5128,0.752899721039495
3,planta_directiva,1,docente_de_aula,844,0.123917192776391
3,planta_directiva,8,inspector_general,156,0.0229041256790486
3,planta_directiva,2,planta_tecnico_pedagogica,147,0.0215827338129496
3,planta_directiva,5,otra_en_establecimiento,138,0.0202613419468507
3,planta_directiva,4,director,137,0.0201145206283952
3,planta_directiva,7,jefe_unidad_tecnico_pedagogica,124,0.0182058434884745
3,planta_directiva,15,subdirector,47,0.00690060196740567
3,planta_directiva,9,orientador,39,0.00572603141976215
3,planta_directiva,11,tecnico_pedagogica,18,0.00264278373219792
3,planta_directiva,10,directiva,16,0.00234914109528704
3,planta_directiva,16,profesor_encargado_establecimiento,9,0.00132139186609896
3,planta_directiva,6,otra_fuera_establecimiento,6,0.000880927910732638
3,planta_directiva,12,supervision,2,0.000293642636910879
4,director,4,director,7247,0.804507104795737
4,director,1,docente_de_aula,1190,0.132104795737123
4,director,7,jefe_unidad_tecnico_pedagogica,115,0.0127664298401421
4,director,3,planta_directiva,92,0.0102131438721137
4,director,8,inspector_general,80,0.0088809946714032
4,director,16,profesor_encargado_establecimiento,67,0.00743783303730018
4,director,2,planta_tecnico_pedagogica,65,0.0072158081705151
4,director,5,otra_en_establecimiento,65,0.0072158081705151
4,director,15,subdirector,37,0.00410746003552398
4,director,9,orientador,19,0.00210923623445826
4,director,11,tecnico_pedagogica,12,0.00133214920071048
4,director,6,otra_fuera_establecimiento,12,0.00133214920071048
4,director,10,directiva,7,0.00077708703374778
5,otra_en_establecimiento,5,otra_en_establecimiento,27851,0.718197993759509
5,otra_en_establecimiento,1,docente_de_aula,9497,0.2449005905258
5,otra_en_establecimiento,2,planta_tecnico_pedagogica,390,0.0100569896077774
5,otra_en_establecimiento,3,planta_directiva,243,0.00626627814023054
5,otra_en_establecimiento,8,inspector_general,235,0.0060599809175069
5,otra_en_establecimiento,7,jefe_unidad_tecnico_pedagogica,122,0.0031460326465355
5,otra_en_establecimiento,11,tecnico_pedagogica,117,0.00301709688233322
5,otra_en_establecimiento,9,orientador,112,0.00288816111813095
5,otra_en_establecimiento,4,director,73,0.00188246215735321
5,otra_en_establecimiento,6,otra_fuera_establecimiento,58,0.00149565486474638
5,otra_en_establecimiento,10,directiva,29,0.000747827432373192
5,otra_en_establecimiento,15,subdirector,17,0.000438381598287733
5,otra_en_establecimiento,16,profesor_encargado_establecimiento,16,0.000412594445447278
5,otra_en_establecimiento,12,supervision,13,0.000335232986925914
5,otra_en_establecimiento,17,educador_tradicional,6,0.000154722917042729
6,otra_fuera_establecimiento,6,otra_fuera_establecimiento,649,0.65489404641776
6,otra_fuera_establecimiento,1,docente_de_aula,235,0.237134207870838
6,otra_fuera_establecimiento,5,otra_en_establecimiento,51,0.0514631685166499
6,otra_fuera_establecimiento,2,planta_tecnico_pedagogica,12,0.012108980827447
6,otra_fuera_establecimiento,8,inspector_general,10,0.0100908173562059
6,otra_fuera_establecimiento,4,director,10,0.0100908173562059
6,otra_fuera_establecimiento,7,jefe_unidad_tecnico_pedagogica,9,0.00908173562058527
6,otra_fuera_establecimiento,11,tecnico_pedagogica,5,0.00504540867810293
6,otra_fuera_establecimiento,10,directiva,3,0.00302724520686176
6,otra_fuera_establecimiento,3,planta_directiva,2,0.00201816347124117
6,otra_fuera_establecimiento,9,orientador,2,0.00201816347124117
6,otra_fuera_establecimiento,12,supervision,1,0.00100908173562059
6,otra_fuera_establecimiento,15,subdirector,1,0.00100908173562059
6,otra_fuera_establecimiento,17,educador_tradicional,1,0.00100908173562059
7,jefe_unidad_tecnico_pedagogica,7,jefe_unidad_tecnico_pedagogica,8851,0.775519144834837
7,jefe_unidad_tecnico_pedagogica,1,docente_de_aula,1521,0.133269079120301
7,jefe_unidad_tecnico_pedagogica,4,director,363,0.0318058354508017
7,jefe_unidad_tecnico_pedagogica,2,planta_tecnico_pedagogica,178,0.0155962498904758
7,jefe_unidad_tecnico_pedagogica,8,inspector_general,122,0.0106895645316744
7,jefe_unidad_tecnico_pedagogica,3,planta_directiva,108,0.00946289319197406
7,jefe_unidad_tecnico_pedagogica,5,otra_en_establecimiento,97,0.00849907999649522
7,jefe_unidad_tecnico_pedagogica,11,tecnico_pedagogica,51,0.00446858845176553
7,jefe_unidad_tecnico_pedagogica,15,subdirector,43,0.00376763340050819
7,jefe_unidad_tecnico_pedagogica,9,orientador,31,0.00271620082362219
7,jefe_unidad_tecnico_pedagogica,16,profesor_encargado_establecimiento,31,0.00271620082362219
7,jefe_unidad_tecnico_pedagogica,10,directiva,10,0.000876193814071673
7,jefe_unidad_tecnico_pedagogica,6,otra_fuera_establecimiento,6,0.000525716288443004
7,jefe_unidad_tecnico_pedagogica,12,supervision,1,8.76193814071673e-05
8,inspector_general,8,inspector_general,6000,0.783085356303837
8,inspector_general,1,docente_de_aula,939,0.122552858261551
8,inspector_general,4,director,172,0.02244844688071
8,inspector_general,5,otra_en_establecimiento,168,0.0219263899765074
8,inspector_general,3,planta_directiva,151,0.0197076481336466
8,inspector_general,7,jefe_unidad_tecnico_pedagogica,72,0.00939702427564605
8,inspector_general,9,orientador,44,0.00574262594622814
8,inspector_general,2,planta_tecnico_pedagogica,42,0.00548159749412686
8,inspector_general,15,subdirector,28,0.00365439832941791
8,inspector_general,10,directiva,16,0.00208822761681023
8,inspector_general,16,profesor_encargado_establecimiento,12,0.00156617071260767
8,inspector_general,11,tecnico_pedagogica,9,0.00117462803445576
8,inspector_general,6,otra_fuera_establecimiento,4,0.000522056904202558
8,inspector_general,12,supervision,4,0.000522056904202558
8,inspector_general,17,educador_tradicional,1,0.00013051422605064
9,orientador,9,orientador,3078,0.77983278439321
9,orientador,1,docente_de_aula,482,0.122118064352673
9,orientador,5,otra_en_establecimiento,107,0.0271091968583735
9,orientador,3,planta_directiva,64,0.0162148467190271
9,orientador,8,inspector_general,63,0.0159614897390423
9,orientador,2,planta_tecnico_pedagogica,60,0.0152014187990879
9,orientador,7,jefe_unidad_tecnico_pedagogica,42,0.0106409931593615
9,orientador,4,director,20,0.00506713959969597
9,orientador,11,tecnico_pedagogica,16,0.00405371167975678
9,orientador,16,profesor_encargado_establecimiento,5,0.00126678489992399
9,orientador,10,directiva,5,0.00126678489992399
9,orientador,15,subdirector,3,0.000760070939954396
9,orientador,12,supervision,1,0.000253356979984799
9,orientador,6,otra_fuera_establecimiento,1,0.000253356979984799
10,directiva,10,directiva,315,0.692307692307692
10,directiva,1,docente_de_aula,59,0.12967032967033
10,directiva,4,director,16,0.0351648351648352
10,directiva,5,otra_en_establecimiento,13,0.0285714285714286
10,directiva,3,planta_directiva,12,0.0263736263736264
10,directiva,2,planta_tecnico_pedagogica,9,0.0197802197802198
10,directiva,8,inspector_general,8,0.0175824175824176
10,directiva,9,orientador,7,0.0153846153846154
10,directiva,11,tecnico_pedagogica,7,0.0153846153846154
10,directiva,7,jefe_unidad_tecnico_pedagogica,6,0.0131868131868132
10,directiva,15,subdirector,3,0.00659340659340659
11,tecnico_pedagogica,11,tecnico_pedagogica,2185,0.669629175605271
11,tecnico_pedagogica,1,docente_de_aula,706,0.216365307998774
11,tecnico_pedagogica,2,planta_tecnico_pedagogica,104,0.0318725099601594
11,tecnico_pedagogica,7,jefe_unidad_tecnico_pedagogica,81,0.0248237817958934
11,tecnico_pedagogica,5,otra_en_establecimiento,79,0.0242108489120441
11,tecnico_pedagogica,8,inspector_general,27,0.00827459393196445
11,tecnico_pedagogica,3,planta_directiva,25,0.00766166104811523
11,tecnico_pedagogica,4,director,18,0.00551639595464297
11,tecnico_pedagogica,9,orientador,14,0.00429053018694453
11,tecnico_pedagogica,16,profesor_encargado_establecimiento,11,0.0033711308611707
11,tecnico_pedagogica,10,directiva,4,0.00122586576769844
11,tecnico_pedagogica,15,subdirector,4,0.00122586576769844
11,tecnico_pedagogica,6,otra_fuera_establecimiento,2,0.000612932883849219
11,tecnico_pedagogica,17,educador_tradicional,2,0.000612932883849219
11,tecnico_pedagogica,12,supervision,1,0.000306466441924609
12,supervision,12,supervision,163,0.66530612244898
12,supervision,1,docente_de_aula,50,0.204081632653061
12,supervision,5,otra_en_establecimiento,12,0.0489795918367347
12,supervision,11,tecnico_pedagogica,6,0.0244897959183673
12,supervision,8,inspector_general,5,0.0204081632653061
12,supervision,2,planta_tecnico_pedagogica,4,0.0163265306122449
12,supervision,3,planta_directiva,2,0.00816326530612245
12,supervision,9,orientador,1,0.00408163265306122
12,supervision,7,jefe_unidad_tecnico_pedagogica,1,0.00408163265306122
12,supervision,4,director,1,0.00408163265306122
15,subdirector,15,subdirector,578,0.724310776942356
15,subdirector,1,docente_de_aula,85,0.106516290726817
15,subdirector,4,director,61,0.0764411027568922
15,subdirector,3,planta_directiva,21,0.0263157894736842
15,subdirector,7,jefe_unidad_tecnico_pedagogica,15,0.018796992481203
15,subdirector,8,inspector_general,14,0.0175438596491228
15,subdirector,2,planta_tecnico_pedagogica,7,0.0087719298245614
15,subdirector,5,otra_en_establecimiento,5,0.006265664160401
15,subdirector,16,profesor_encargado_establecimiento,4,0.0050125313283208
15,subdirector,11,tecnico_pedagogica,3,0.0037593984962406
15,subdirector,9,orientador,3,0.0037593984962406
15,subdirector,10,directiva,2,0.0025062656641604
16,profesor_encargado_establecimiento,16,profesor_encargado_establecimiento,3262,0.773352299668089
16,profesor_encargado_establecimiento,1,docente_de_aula,798,0.189189189189189
16,profesor_encargado_establecimiento,4,director,70,0.0165955429113324
16,profesor_encargado_establecimiento,7,jefe_unidad_tecnico_pedagogica,23,0.00545282124229493
16,profesor_encargado_establecimiento,5,otra_en_establecimiento,23,0.00545282124229493
16,profesor_encargado_establecimiento,8,inspector_general,12,0.00284495021337127
16,profesor_encargado_establecimiento,2,planta_tecnico_pedagogica,11,0.00260787102892366
16,profesor_encargado_establecimiento,11,tecnico_pedagogica,7,0.00165955429113324
16,profesor_encargado_establecimiento,3,planta_directiva,6,0.00142247510668563
16,profesor_encargado_establecimiento,9,orientador,3,0.000711237553342817
16,profesor_encargado_establecimiento,15,subdirector,2,0.000474158368895211
16,profesor_encargado_establecimiento,6,otra_fuera_establecimiento,1,0.000237079184447606
17,educador_tradicional,17,educador_tradicional,838,0.657770800627944
17,educador_tradicional,1,docente_de_aula,398,0.312401883830455
17,educador_tradicional,5,otra_en_establecimiento,23,0.0180533751962323
17,educador_tradicional,7,jefe_unidad_tecnico_pedagogica,5,0.00392464678178964
17,educador_tradicional,2,planta_tecnico_pedagogica,4,0.00313971742543171
17,educador_tradicional,11,tecnico_pedagogica,4,0.00313971742543171
17,educador_tradicional,16,profesor_encargado_establecimiento,1,0.000784929356357928
17,educador_tradicional,3,planta_directiva,1,0.000784929356357928
