z_math_bin,z_verbal_bin,n_students
-3.55,-4.15,2
-3.55,-2.25,1
-3.55,-2.15,1
-3.55,-1.85,1
-3.55,-1.75,1
-3.55,-1.55,1
-3.55,-1.35,1
-3.55,-1.25,1
-3.55,-1.15,1
-3.55,-0.95,1
-3.55,-0.85,1
-3.55,-0.35,1
-3.55,-0.25,2
-3.55,-0.05,1
-3.55,0.05,1
-3.25,-3.25,1
-3.25,-1.85,1
-3.25,-1.45,1
-3.25,-1.25,1
-3.25,-0.65,1
-3.25,-0.15,2
-3.05,-2.75,1
-3.05,-2.55,1
-3.05,-1.65,1
-3.05,-1.45,1
-3.05,-1.15,1
-3.05,-0.85,1
-2.95,-2.55,1
-2.95,-1.25,1
-2.95,-0.75,1
-2.95,-0.65,1
-2.95,-0.55,1
-2.95,-0.45,2
-2.95,-0.35,1
-2.95,-0.25,1
-2.95,-0.15,1
-2.95,0.05,1
-2.85,-2.65,3
-2.85,-2.35,1
-2.85,-2.25,1
-2.85,-2.15,1
-2.85,-1.85,2
-2.85,-1.65,1
-2.85,-1.55,2
-2.85,-1.45,1
-2.85,-1.35,1
-2.85,-1.15,2
-2.85,-1.05,5
-2.85,-0.95,2
-2.85,-0.75,1
-2.85,-0.65,1
-2.85,-0.55,2
-2.85,-0.45,2
-2.85,-0.25,1
-2.85,0.05,1
-2.85,0.45,1
-2.85,0.55,1
-2.75,-2.65,1
-2.75,-2.55,1
-2.75,-2.45,1
-2.75,-2.15,1
-2.75,-1.95,1
-2.75,-1.85,2
-2.75,-1.75,1
-2.75,-1.55,1
-2.75,-1.45,4
-2.75,-1.35,3
-2.75,-1.25,4
-2.75,-1.15,2
-2.75,-1.05,2
-2.75,-0.95,5
-2.75,-0.85,4
-2.75,-0.75,2
-2.75,-0.65,4
-2.75,-0.45,4
-2.75,-0.35,3
-2.75,-0.15,2
-2.75,-0.05,2
-2.75,0.05,5
-2.75,0.15,1
-2.75,0.25,1
-2.75,0.35,2
-2.75,0.45,3
-2.75,0.55,3
-2.75,1.05,1
-2.75,1.15,1
-2.65,-3.25,1
-2.65,-3.15,1
-2.65,-2.75,1
-2.65,-2.65,1
-2.65,-2.55,4
-2.65,-2.45,3
-2.65,-2.35,2
-2.65,-2.25,3
-2.65,-2.15,2
-2.65,-2.05,2
-2.65,-1.95,6
-2.65,-1.85,9
-2.65,-1.75,2
-2.65,-1.65,7
-2.65,-1.55,2
-2.65,-1.45,12
-2.65,-1.35,4
-2.65,-1.25,12
-2.65,-1.15,9
-2.65,-1.05,10
-2.65,-0.95,8
-2.65,-0.85,7
-2.65,-0.75,11
-2.65,-0.65,15
-2.65,-0.55,8
-2.65,-0.45,11
-2.65,-0.35,10
-2.65,-0.25,5
-2.65,-0.15,4
-2.65,-0.05,5
-2.65,0.05,6
-2.65,0.15,2
-2.65,0.25,2
-2.65,0.35,1
-2.65,0.45,6
-2.65,0.55,1
-2.65,0.65,1
-2.65,0.75,1
-2.65,0.85,1
-2.65,0.95,2
-2.65,1.25,1
-2.55,-2.95,1
-2.55,-2.65,7
-2.55,-2.55,5
-2.55,-2.45,4
-2.55,-2.35,4
-2.55,-2.25,8
-2.55,-2.15,10
-2.55,-2.05,8
-2.55,-1.95,8
-2.55,-1.85,18
-2.55,-1.75,7
-2.55,-1.65,17
-2.55,-1.55,10
-2.55,-1.45,19
-2.55,-1.35,9
-2.55,-1.25,24
-2.55,-1.15,28
-2.55,-1.05,25
-2.55,-0.95,27
-2.55,-0.85,30
-2.55,-0.75,19
-2.55,-0.65,21
-2.55,-0.55,15
-2.55,-0.45,22
-2.55,-0.35,29
-2.55,-0.25,12
-2.55,-0.15,13
-2.55,-0.05,13
-2.55,0.05,13
-2.55,0.15,5
-2.55,0.25,5
-2.55,0.35,4
-2.55,0.45,8
-2.55,0.55,4
-2.55,0.65,6
-2.55,0.75,2
-2.55,0.85,2
-2.55,1.05,2
-2.55,1.15,1
-2.55,1.35,1
-2.55,1.45,1
-2.55,1.55,1
-2.55,1.65,1
-2.45,-2.65,2
-2.45,-2.55,5
-2.45,-2.45,1
-2.45,-2.35,4
-2.45,-2.25,1
-2.45,-2.15,7
-2.45,-2.05,10
-2.45,-1.95,1
-2.45,-1.85,18
-2.45,-1.75,18
-2.45,-1.65,22
-2.45,-1.45,17
-2.45,-1.35,20
-2.45,-1.25,20
-2.45,-1.15,34
-2.45,-1.05,35
-2.45,-0.95,19
-2.45,-0.85,22
-2.45,-0.75,30
-2.45,-0.65,31
-2.45,-0.55,10
-2.45,-0.45,26
-2.45,-0.35,13
-2.45,-0.25,11
-2.45,-0.15,10
-2.45,-0.05,17
-2.45,0.05,24
-2.45,0.15,9
-2.45,0.25,9
-2.45,0.35,7
-2.45,0.45,10
-2.45,0.55,3
-2.45,0.65,5
-2.45,0.75,3
-2.45,1.15,1
-2.35,-2.75,1
-2.35,-2.65,11
-2.35,-2.55,5
-2.35,-2.45,2
-2.35,-2.25,6
-2.35,-2.15,8
-2.35,-1.95,8
-2.35,-1.85,14
-2.35,-1.65,14
-2.35,-1.55,17
-2.35,-1.45,18
-2.35,-1.25,23
-2.35,-1.15,21
-2.35,-1.05,26
-2.35,-0.95,23
-2.35,-0.85,27
-2.35,-0.75,24
-2.35,-0.65,21
-2.35,-0.55,16
-2.35,-0.45,14
-2.35,-0.35,38
-2.35,-0.25,13
-2.35,-0.15,11
-2.35,-0.05,12
-2.35,0.05,9
-2.35,0.15,7
-2.35,0.25,3
-2.35,0.35,6
-2.35,0.45,6
-2.35,0.55,1
-2.35,0.65,3
-2.35,0.75,6
-2.35,0.85,3
-2.35,0.95,1
-2.35,1.25,1
-2.35,1.35,1
-2.35,1.65,1
-2.25,-2.65,3
-2.25,-2.55,8
-2.25,-2.35,8
-2.25,-2.25,1
-2.25,-2.15,16
-2.25,-2.05,19
-2.25,-1.85,27
-2.25,-1.75,32
-2.25,-1.65,34
-2.25,-1.55,2
-2.25,-1.45,36
-2.25,-1.35,47
-2.25,-1.25,35
-2.25,-1.15,47
-2.25,-1.05,49
-2.25,-0.95,52
-2.25,-0.85,45
-2.25,-0.75,45
-2.25,-0.65,43
-2.25,-0.55,40
-2.25,-0.45,40
-2.25,-0.35,39
-2.25,-0.25,38
-2.25,-0.15,33
-2.25,-0.05,24
-2.25,0.05,41
-2.25,0.15,11
-2.25,0.25,12
-2.25,0.35,16
-2.25,0.45,13
-2.25,0.55,6
-2.25,0.65,3
-2.25,0.75,7
-2.25,0.85,2
-2.25,0.95,2
-2.25,1.05,3
-2.25,1.15,2
-2.25,1.85,1
-2.15,-3.05,1
-2.15,-2.55,2
-2.15,-2.45,2
-2.15,-2.35,1
-2.15,-2.25,2
-2.15,-1.85,6
-2.15,-1.75,8
-2.15,-1.65,5
-2.15,-1.55,7
-2.15,-1.45,2
-2.15,-1.35,5
-2.15,-1.25,1
-2.15,-1.15,2
-2.15,-1.05,1
-2.15,-0.95,4
-2.15,-0.85,1
-2.15,-0.75,3
-2.15,-0.65,1
-2.15,-0.55,1
-2.15,-0.35,1
-2.15,-0.25,1
-2.15,-0.15,2
-2.15,0.15,1
-2.15,0.25,1
-2.15,0.55,1
-2.15,0.65,1
-2.05,-3.25,1
-2.05,-3.15,1
-2.05,-2.95,1
-2.05,-2.85,3
-2.05,-2.65,8
-2.05,-2.55,8
-2.05,-2.45,12
-2.05,-2.35,3
-2.05,-2.25,14
-2.05,-2.15,20
-2.05,-2.05,7
-2.05,-1.95,29
-2.05,-1.85,38
-2.05,-1.75,17
-2.05,-1.65,51
-2.05,-1.55,53
-2.05,-1.45,41
-2.05,-1.35,10
-2.05,-1.25,34
-2.05,-1.15,56
-2.05,-1.05,43
-2.05,-0.95,48
-2.05,-0.85,57
-2.05,-0.75,58
-2.05,-0.65,48
-2.05,-0.55,38
-2.05,-0.45,45
-2.05,-0.35,71
-2.05,-0.25,24
-2.05,-0.15,34
-2.05,-0.05,14
-2.05,0.05,16
-2.05,0.15,30
-2.05,0.25,15
-2.05,0.35,13
-2.05,0.45,17
-2.05,0.55,5
-2.05,0.65,8
-2.05,0.75,10
-2.05,0.85,9
-2.05,0.95,2
-2.05,1.05,3
-2.05,1.15,4
-2.05,1.25,3
-2.05,1.65,1
-2.05,2.35,1
-1.95,-3.65,1
-1.95,-2.95,1
-1.95,-2.85,1
-1.95,-2.75,4
-1.95,-2.65,9
-1.95,-2.55,22
-1.95,-2.45,2
-1.95,-2.35,22
-1.95,-2.25,7
-1.95,-2.15,31
-1.95,-2.05,49
-1.95,-1.95,5
-1.95,-1.85,50
-1.95,-1.75,63
-1.95,-1.65,96
-1.95,-1.55,12
-1.95,-1.45,88
-1.95,-1.35,92
-1.95,-1.25,105
-1.95,-1.15,104
-1.95,-1.05,112
-1.95,-0.95,74
-1.95,-0.85,100
-1.95,-0.75,93
-1.95,-0.65,86
-1.95,-0.55,80
-1.95,-0.45,84
-1.95,-0.35,55
-1.95,-0.25,81
-1.95,-0.15,64
-1.95,-0.05,57
-1.95,0.05,92
-1.95,0.15,51
-1.95,0.25,27
-1.95,0.35,26
-1.95,0.45,14
-1.95,0.55,12
-1.95,0.65,13
-1.95,0.75,14
-1.95,0.85,9
-1.95,0.95,6
-1.95,1.05,3
-1.95,1.15,4
-1.95,1.25,1
-1.95,1.35,2
-1.95,1.45,1
-1.95,1.75,1
-1.95,2.05,1
-1.85,-3.85,1
-1.85,-2.95,1
-1.85,-2.75,2
-1.85,-2.65,2
-1.85,-2.55,4
-1.85,-2.45,4
-1.85,-2.35,1
-1.85,-2.25,7
-1.85,-2.15,9
-1.85,-2.05,13
-1.85,-1.95,12
-1.85,-1.85,20
-1.85,-1.75,53
-1.85,-1.65,44
-1.85,-1.55,23
-1.85,-1.45,50
-1.85,-1.35,38
-1.85,-1.25,45
-1.85,-1.15,42
-1.85,-1.05,37
-1.85,-0.95,39
-1.85,-0.85,44
-1.85,-0.75,19
-1.85,-0.65,19
-1.85,-0.55,20
-1.85,-0.45,21
-1.85,-0.35,11
-1.85,-0.25,15
-1.85,-0.15,15
-1.85,-0.05,7
-1.85,0.05,5
-1.85,0.15,4
-1.85,0.25,2
-1.85,0.45,4
-1.85,0.55,3
-1.85,0.65,2
-1.85,0.85,2
-1.85,1.05,1
-1.85,1.25,1
-1.75,-2.85,1
-1.75,-2.75,1
-1.75,-2.65,10
-1.75,-2.55,10
-1.75,-2.45,21
-1.75,-2.25,25
-1.75,-2.15,37
-1.75,-2.05,11
-1.75,-1.95,37
-1.75,-1.85,51
-1.75,-1.75,37
-1.75,-1.65,86
-1.75,-1.55,62
-1.75,-1.45,94
-1.75,-1.35,40
-1.75,-1.25,105
-1.75,-1.15,102
-1.75,-1.05,115
-1.75,-0.95,84
-1.75,-0.85,111
-1.75,-0.75,89
-1.75,-0.65,81
-1.75,-0.55,63
-1.75,-0.45,64
-1.75,-0.35,121
-1.75,-0.25,42
-1.75,-0.15,39
-1.75,-0.05,42
-1.75,0.05,33
-1.75,0.15,35
-1.75,0.25,28
-1.75,0.35,22
-1.75,0.45,51
-1.75,0.55,8
-1.75,0.65,14
-1.75,0.75,7
-1.75,0.85,9
-1.75,0.95,3
-1.75,1.05,7
-1.75,1.15,4
-1.75,1.25,3
-1.75,1.35,4
-1.75,1.65,1
-1.65,-3.65,1
-1.65,-2.95,2
-1.65,-2.85,3
-1.65,-2.75,3
-1.65,-2.65,9
-1.65,-2.55,20
-1.65,-2.45,9
-1.65,-2.35,37
-1.65,-2.25,21
-1.65,-2.15,58
-1.65,-2.05,70
-1.65,-1.95,35
-1.65,-1.85,97
-1.65,-1.75,173
-1.65,-1.65,181
-1.65,-1.55,53
-1.65,-1.45,206
-1.65,-1.35,194
-1.65,-1.25,185
-1.65,-1.15,210
-1.65,-1.05,232
-1.65,-0.95,252
-1.65,-0.85,210
-1.65,-0.75,183
-1.65,-0.65,165
-1.65,-0.55,163
-1.65,-0.45,168
-1.65,-0.35,121
-1.65,-0.25,123
-1.65,-0.15,127
-1.65,-0.05,125
-1.65,0.05,142
-1.65,0.15,61
-1.65,0.25,52
-1.65,0.35,51
-1.65,0.45,42
-1.65,0.55,41
-1.65,0.65,21
-1.65,0.75,21
-1.65,0.85,22
-1.65,0.95,17
-1.65,1.05,4
-1.65,1.15,7
-1.65,1.25,5
-1.65,1.35,3
-1.65,1.45,4
-1.65,1.55,3
-1.65,1.65,1
-1.65,1.75,1
-1.65,2.05,1
-1.55,-2.95,4
-1.55,-2.85,2
-1.55,-2.75,4
-1.55,-2.65,4
-1.55,-2.55,9
-1.55,-2.45,14
-1.55,-2.35,16
-1.55,-2.25,30
-1.55,-2.15,42
-1.55,-2.05,37
-1.55,-1.95,45
-1.55,-1.85,91
-1.55,-1.75,172
-1.55,-1.65,161
-1.55,-1.55,121
-1.55,-1.45,146
-1.55,-1.35,153
-1.55,-1.25,197
-1.55,-1.15,152
-1.55,-1.05,170
-1.55,-0.95,151
-1.55,-0.85,146
-1.55,-0.75,97
-1.55,-0.65,101
-1.55,-0.55,67
-1.55,-0.45,96
-1.55,-0.35,52
-1.55,-0.25,47
-1.55,-0.15,45
-1.55,-0.05,40
-1.55,0.05,27
-1.55,0.15,20
-1.55,0.25,19
-1.55,0.35,13
-1.55,0.45,12
-1.55,0.55,7
-1.55,0.65,3
-1.55,0.75,4
-1.55,0.85,4
-1.55,0.95,3
-1.55,1.05,2
-1.55,1.15,1
-1.55,1.25,2
-1.55,1.35,1
-1.55,1.45,1
-1.55,1.55,1
-1.55,2.75,1
-1.45,-3.85,1
-1.45,-3.25,1
-1.45,-3.15,1
-1.45,-3.05,1
-1.45,-2.95,1
-1.45,-2.85,6
-1.45,-2.75,6
-1.45,-2.65,18
-1.45,-2.55,20
-1.45,-2.45,47
-1.45,-2.35,29
-1.45,-2.25,95
-1.45,-2.15,127
-1.45,-2.05,126
-1.45,-1.95,193
-1.45,-1.85,296
-1.45,-1.75,470
-1.45,-1.65,564
-1.45,-1.55,341
-1.45,-1.45,596
-1.45,-1.35,484
-1.45,-1.25,566
-1.45,-1.15,633
-1.45,-1.05,620
-1.45,-0.95,574
-1.45,-0.85,658
-1.45,-0.75,479
-1.45,-0.65,386
-1.45,-0.55,310
-1.45,-0.45,362
-1.45,-0.35,304
-1.45,-0.25,234
-1.45,-0.15,228
-1.45,-0.05,227
-1.45,0.05,134
-1.45,0.15,118
-1.45,0.25,108
-1.45,0.35,87
-1.45,0.45,123
-1.45,0.55,57
-1.45,0.65,41
-1.45,0.75,40
-1.45,0.85,31
-1.45,0.95,29
-1.45,1.05,11
-1.45,1.15,17
-1.45,1.25,7
-1.45,1.35,5
-1.45,1.55,9
-1.45,1.65,9
-1.45,1.85,2
-1.45,1.95,1
-1.45,2.15,1
-1.45,2.65,1
-1.35,-4.15,2
-1.35,-3.65,1
-1.35,-3.45,2
-1.35,-2.85,5
-1.35,-2.75,6
-1.35,-2.65,20
-1.35,-2.55,35
-1.35,-2.45,25
-1.35,-2.35,64
-1.35,-2.25,56
-1.35,-2.15,95
-1.35,-2.05,149
-1.35,-1.95,107
-1.35,-1.85,273
-1.35,-1.75,422
-1.35,-1.65,519
-1.35,-1.55,283
-1.35,-1.45,524
-1.35,-1.35,550
-1.35,-1.25,598
-1.35,-1.15,570
-1.35,-1.05,653
-1.35,-0.95,543
-1.35,-0.85,588
-1.35,-0.75,510
-1.35,-0.65,412
-1.35,-0.55,393
-1.35,-0.45,411
-1.35,-0.35,354
-1.35,-0.25,298
-1.35,-0.15,308
-1.35,-0.05,288
-1.35,0.05,298
-1.35,0.15,161
-1.35,0.25,129
-1.35,0.35,119
-1.35,0.45,117
-1.35,0.55,84
-1.35,0.65,59
-1.35,0.75,46
-1.35,0.85,38
-1.35,0.95,21
-1.35,1.05,24
-1.35,1.15,16
-1.35,1.25,11
-1.35,1.35,8
-1.35,1.45,4
-1.35,1.55,4
-1.35,1.75,2
-1.35,1.85,2
-1.35,2.05,2
-1.35,2.25,1
-1.25,-3.25,1
-1.25,-3.05,1
-1.25,-2.95,1
-1.25,-2.85,3
-1.25,-2.75,7
-1.25,-2.65,26
-1.25,-2.55,30
-1.25,-2.45,53
-1.25,-2.35,48
-1.25,-2.25,119
-1.25,-2.15,134
-1.25,-2.05,126
-1.25,-1.95,202
-1.25,-1.85,313
-1.25,-1.75,405
-1.25,-1.65,567
-1.25,-1.55,480
-1.25,-1.45,635
-1.25,-1.35,507
-1.25,-1.25,702
-1.25,-1.15,721
-1.25,-1.05,844
-1.25,-0.95,732
-1.25,-0.85,756
-1.25,-0.75,608
-1.25,-0.65,518
-1.25,-0.55,486
-1.25,-0.45,563
-1.25,-0.35,547
-1.25,-0.25,378
-1.25,-0.15,382
-1.25,-0.05,396
-1.25,0.05,203
-1.25,0.15,186
-1.25,0.25,178
-1.25,0.35,168
-1.25,0.45,215
-1.25,0.55,105
-1.25,0.65,60
-1.25,0.75,73
-1.25,0.85,63
-1.25,0.95,42
-1.25,1.05,34
-1.25,1.15,26
-1.25,1.25,8
-1.25,1.35,17
-1.25,1.45,1
-1.25,1.55,8
-1.25,1.65,3
-1.25,1.75,2
-1.25,1.85,1
-1.25,1.95,2
-1.15,-3.25,1
-1.15,-2.95,1
-1.15,-2.85,4
-1.15,-2.75,7
-1.15,-2.65,21
-1.15,-2.55,54
-1.15,-2.45,29
-1.15,-2.35,79
-1.15,-2.25,78
-1.15,-2.15,152
-1.15,-2.05,193
-1.15,-1.95,144
-1.15,-1.85,327
-1.15,-1.75,585
-1.15,-1.65,661
-1.15,-1.55,432
-1.15,-1.45,689
-1.15,-1.35,745
-1.15,-1.25,849
-1.15,-1.15,859
-1.15,-1.05,1067
-1.15,-0.95,939
-1.15,-0.85,906
-1.15,-0.75,821
-1.15,-0.65,724
-1.15,-0.55,626
-1.15,-0.45,731
-1.15,-0.35,581
-1.15,-0.25,483
-1.15,-0.15,558
-1.15,-0.05,494
-1.15,0.05,484
-1.15,0.15,295
-1.15,0.25,249
-1.15,0.35,193
-1.15,0.45,231
-1.15,0.55,138
-1.15,0.65,88
-1.15,0.75,102
-1.15,0.85,86
-1.15,0.95,53
-1.15,1.05,44
-1.15,1.15,32
-1.15,1.25,22
-1.15,1.35,25
-1.15,1.45,5
-1.15,1.55,6
-1.15,1.65,3
-1.15,1.75,3
-1.15,1.85,3
-1.15,2.75,1
-1.05,-2.85,3
-1.05,-2.75,8
-1.05,-2.65,16
-1.05,-2.55,10
-1.05,-2.45,19
-1.05,-2.35,50
-1.05,-2.25,86
-1.05,-2.15,104
-1.05,-2.05,152
-1.05,-1.95,159
-1.05,-1.85,285
-1.05,-1.75,505
-1.05,-1.65,590
-1.05,-1.55,513
-1.05,-1.45,624
-1.05,-1.35,693
-1.05,-1.25,835
-1.05,-1.15,781
-1.05,-1.05,1035
-1.05,-0.95,898
-1.05,-0.85,844
-1.05,-0.75,757
-1.05,-0.65,645
-1.05,-0.55,580
-1.05,-0.45,757
-1.05,-0.35,509
-1.05,-0.25,447
-1.05,-0.15,527
-1.05,-0.05,491
-1.05,0.05,261
-1.05,0.15,227
-1.05,0.25,197
-1.05,0.35,158
-1.05,0.45,193
-1.05,0.55,102
-1.05,0.65,50
-1.05,0.75,99
-1.05,0.85,72
-1.05,0.95,41
-1.05,1.05,34
-1.05,1.15,33
-1.05,1.25,15
-1.05,1.35,11
-1.05,1.45,4
-1.05,1.55,7
-1.05,1.65,7
-1.05,1.75,5
-1.05,1.85,2
-1.05,1.95,2
-0.95,-3.25,1
-0.95,-3.15,1
-0.95,-3.05,1
-0.95,-2.95,1
-0.95,-2.85,1
-0.95,-2.75,13
-0.95,-2.65,36
-0.95,-2.55,43
-0.95,-2.45,62
-0.95,-2.35,47
-0.95,-2.25,145
-0.95,-2.15,194
-0.95,-2.05,180
-0.95,-1.95,276
-0.95,-1.85,464
-0.95,-1.75,676
-0.95,-1.65,898
-0.95,-1.55,610
-0.95,-1.45,1060
-0.95,-1.35,1023
-0.95,-1.25,1350
-0.95,-1.15,1249
-0.95,-1.05,1611
-0.95,-0.95,1408
-0.95,-0.85,1703
-0.95,-0.75,1413
-0.95,-0.65,1192
-0.95,-0.55,1142
-0.95,-0.45,1352
-0.95,-0.35,994
-0.95,-0.25,906
-0.95,-0.15,1050
-0.95,-0.05,985
-0.95,0.05,580
-0.95,0.15,515
-0.95,0.25,415
-0.95,0.35,364
-0.95,0.45,456
-0.95,0.55,240
-0.95,0.65,155
-0.95,0.75,180
-0.95,0.85,185
-0.95,0.95,100
-0.95,1.05,86
-0.95,1.15,52
-0.95,1.25,29
-0.95,1.35,43
-0.95,1.45,15
-0.95,1.55,28
-0.95,1.65,14
-0.95,1.75,3
-0.95,1.85,7
-0.95,1.95,5
-0.95,2.05,2
-0.95,2.15,3
-0.95,2.55,1
-0.85,-4.15,2
-0.85,-3.75,1
-0.85,-2.95,1
-0.85,-2.85,5
-0.85,-2.75,10
-0.85,-2.65,20
-0.85,-2.55,46
-0.85,-2.45,37
-0.85,-2.35,73
-0.85,-2.25,105
-0.85,-2.15,157
-0.85,-2.05,217
-0.85,-1.95,199
-0.85,-1.85,376
-0.85,-1.75,722
-0.85,-1.65,844
-0.85,-1.55,497
-0.85,-1.45,974
-0.85,-1.35,1149
-0.85,-1.25,1490
-0.85,-1.15,1403
-0.85,-1.05,1804
-0.85,-0.95,1638
-0.85,-0.85,1906
-0.85,-0.75,1601
-0.85,-0.65,1409
-0.85,-0.55,1308
-0.85,-0.45,1600
-0.85,-0.35,1036
-0.85,-0.25,1133
-0.85,-0.15,1344
-0.85,-0.05,1369
-0.85,0.05,954
-0.85,0.15,664
-0.85,0.25,529
-0.85,0.35,535
-0.85,0.45,526
-0.85,0.55,327
-0.85,0.65,214
-0.85,0.75,258
-0.85,0.85,243
-0.85,0.95,153
-0.85,1.05,116
-0.85,1.15,80
-0.85,1.25,49
-0.85,1.35,58
-0.85,1.45,27
-0.85,1.55,26
-0.85,1.65,22
-0.85,1.75,6
-0.85,1.85,5
-0.85,1.95,6
-0.85,2.05,2
-0.85,2.15,2
-0.85,2.25,2
-0.85,2.35,1
-0.85,2.45,1
-0.85,2.75,1
-0.75,-3.25,2
-0.75,-3.15,2
-0.75,-3.05,2
-0.75,-2.95,1
-0.75,-2.85,3
-0.75,-2.75,10
-0.75,-2.65,30
-0.75,-2.55,41
-0.75,-2.45,53
-0.75,-2.35,55
-0.75,-2.25,137
-0.75,-2.15,158
-0.75,-2.05,160
-0.75,-1.95,312
-0.75,-1.85,439
-0.75,-1.75,534
-0.75,-1.65,830
-0.75,-1.55,846
-0.75,-1.45,936
-0.75,-1.35,970
-0.75,-1.25,1190
-0.75,-1.15,1305
-0.75,-1.05,1636
-0.75,-0.95,1670
-0.75,-0.85,1717
-0.75,-0.75,1756
-0.75,-0.65,1372
-0.75,-0.55,1421
-0.75,-0.45,1744
-0.75,-0.35,1573
-0.75,-0.25,1213
-0.75,-0.15,1404
-0.75,-0.05,1623
-0.75,0.05,917
-0.75,0.15,845
-0.75,0.25,699
-0.75,0.35,600
-0.75,0.45,833
-0.75,0.55,440
-0.75,0.65,280
-0.75,0.75,397
-0.75,0.85,304
-0.75,0.95,207
-0.75,1.05,121
-0.75,1.15,141
-0.75,1.25,99
-0.75,1.35,81
-0.75,1.45,18
-0.75,1.55,53
-0.75,1.65,32
-0.75,1.75,13
-0.75,1.85,8
-0.75,1.95,3
-0.75,2.05,2
-0.75,2.15,5
-0.75,2.35,3
-0.75,2.45,1
-0.65,-4.15,1
-0.65,-3.15,2
-0.65,-2.95,1
-0.65,-2.85,5
-0.65,-2.75,7
-0.65,-2.65,26
-0.65,-2.55,51
-0.65,-2.45,26
-0.65,-2.35,57
-0.65,-2.25,69
-0.65,-2.15,137
-0.65,-2.05,183
-0.65,-1.95,159
-0.65,-1.85,350
-0.65,-1.75,587
-0.65,-1.65,823
-0.65,-1.55,604
-0.65,-1.45,921
-0.65,-1.35,1057
-0.65,-1.25,1306
-0.65,-1.15,1338
-0.65,-1.05,1807
-0.65,-0.95,1930
-0.65,-0.85,2333
-0.65,-0.75,2209
-0.65,-0.65,1832
-0.65,-0.55,1880
-0.65,-0.45,2218
-0.65,-0.35,1511
-0.65,-0.25,1613
-0.65,-0.15,1997
-0.65,-0.05,2376
-0.65,0.05,1506
-0.65,0.15,1198
-0.65,0.25,1014
-0.65,0.35,899
-0.65,0.45,962
-0.65,0.55,662
-0.65,0.65,468
-0.65,0.75,606
-0.65,0.85,478
-0.65,0.95,315
-0.65,1.05,203
-0.65,1.15,220
-0.65,1.25,103
-0.65,1.35,125
-0.65,1.45,51
-0.65,1.55,86
-0.65,1.65,30
-0.65,1.75,27
-0.65,1.85,18
-0.65,1.95,5
-0.65,2.05,3
-0.65,2.15,4
-0.65,2.25,4
-0.65,2.35,1
-0.65,2.45,1
-0.55,-4.15,1
-0.55,-3.85,1
-0.55,-3.45,1
-0.55,-3.25,1
-0.55,-2.95,1
-0.55,-2.85,5
-0.55,-2.75,9
-0.55,-2.65,36
-0.55,-2.55,18
-0.55,-2.45,37
-0.55,-2.35,19
-0.55,-2.25,81
-0.55,-2.15,101
-0.55,-2.05,79
-0.55,-1.95,194
-0.55,-1.85,257
-0.55,-1.75,245
-0.55,-1.65,409
-0.55,-1.55,453
-0.55,-1.45,578
-0.55,-1.35,463
-0.55,-1.25,857
-0.55,-1.15,826
-0.55,-1.05,1216
-0.55,-0.95,1165
-0.55,-0.85,1141
-0.55,-0.75,1252
-0.55,-0.65,1146
-0.55,-0.55,1138
-0.55,-0.45,1612
-0.55,-0.35,1386
-0.55,-0.25,1121
-0.55,-0.15,1360
-0.55,-0.05,1442
-0.55,0.05,900
-0.55,0.15,928
-0.55,0.25,791
-0.55,0.35,737
-0.55,0.45,948
-0.55,0.55,516
-0.55,0.65,312
-0.55,0.75,464
-0.55,0.85,401
-0.55,0.95,277
-0.55,1.05,207
-0.55,1.15,163
-0.55,1.25,113
-0.55,1.35,95
-0.55,1.45,33
-0.55,1.55,69
-0.55,1.65,45
-0.55,1.75,17
-0.55,1.85,27
-0.55,1.95,14
-0.55,2.05,2
-0.55,2.15,7
-0.55,2.25,1
-0.55,2.35,3
-0.55,2.45,2
-0.45,-3.15,1
-0.45,-2.95,2
-0.45,-2.85,2
-0.45,-2.75,6
-0.45,-2.65,19
-0.45,-2.55,33
-0.45,-2.45,9
-0.45,-2.35,51
-0.45,-2.25,42
-0.45,-2.15,116
-0.45,-2.05,141
-0.45,-1.95,103
-0.45,-1.85,212
-0.45,-1.75,316
-0.45,-1.65,438
-0.45,-1.55,329
-0.45,-1.45,565
-0.45,-1.35,723
-0.45,-1.25,1109
-0.45,-1.15,932
-0.45,-1.05,1512
-0.45,-0.95,1223
-0.45,-0.85,1073
-0.45,-0.75,1401
-0.45,-0.65,1390
-0.45,-0.55,1424
-0.45,-0.45,2187
-0.45,-0.35,1905
-0.45,-0.25,1458
-0.45,-0.15,1690
-0.45,-0.05,1889
-0.45,0.05,1496
-0.45,0.15,1216
-0.45,0.25,1100
-0.45,0.35,1080
-0.45,0.45,1386
-0.45,0.55,763
-0.45,0.65,359
-0.45,0.75,683
-0.45,0.85,632
-0.45,0.95,441
-0.45,1.05,331
-0.45,1.15,287
-0.45,1.25,223
-0.45,1.35,196
-0.45,1.45,38
-0.45,1.55,125
-0.45,1.65,77
-0.45,1.75,40
-0.45,1.85,60
-0.45,1.95,22
-0.45,2.05,11
-0.45,2.15,16
-0.45,2.25,4
-0.45,2.35,4
-0.45,2.45,4
-0.45,2.65,1
-0.45,2.75,1
-0.45,2.95,2
-0.35,-3.25,1
-0.35,-3.05,1
-0.35,-2.95,1
-0.35,-2.75,4
-0.35,-2.65,30
-0.35,-2.55,14
-0.35,-2.45,27
-0.35,-2.35,6
-0.35,-2.25,71
-0.35,-2.15,82
-0.35,-2.05,25
-0.35,-1.95,131
-0.35,-1.85,155
-0.35,-1.75,137
-0.35,-1.65,293
-0.35,-1.55,311
-0.35,-1.45,384
-0.35,-1.35,333
-0.35,-1.25,528
-0.35,-1.15,607
-0.35,-1.05,891
-0.35,-0.95,848
-0.35,-0.85,910
-0.35,-0.75,1041
-0.35,-0.65,898
-0.35,-0.55,968
-0.35,-0.45,1321
-0.35,-0.35,1303
-0.35,-0.25,1081
-0.35,-0.15,1376
-0.35,-0.05,1599
-0.35,0.05,918
-0.35,0.15,893
-0.35,0.25,876
-0.35,0.35,751
-0.35,0.45,1079
-0.35,0.55,637
-0.35,0.65,384
-0.35,0.75,586
-0.35,0.85,540
-0.35,0.95,367
-0.35,1.05,265
-0.35,1.15,249
-0.35,1.25,150
-0.35,1.35,172
-0.35,1.45,39
-0.35,1.55,103
-0.35,1.65,69
-0.35,1.75,20
-0.35,1.85,34
-0.35,1.95,23
-0.35,2.05,4
-0.35,2.15,17
-0.35,2.25,1
-0.35,2.35,3
-0.35,2.45,3
-0.35,2.55,2
-0.25,-4.15,2
-0.25,-2.95,1
-0.25,-2.75,6
-0.25,-2.65,10
-0.25,-2.55,16
-0.25,-2.45,5
-0.25,-2.35,23
-0.25,-2.25,12
-0.25,-2.15,48
-0.25,-2.05,71
-0.25,-1.95,32
-0.25,-1.85,101
-0.25,-1.75,204
-0.25,-1.65,258
-0.25,-1.55,132
-0.25,-1.45,317
-0.25,-1.35,410
-0.25,-1.25,504
-0.25,-1.15,597
-0.25,-1.05,862
-0.25,-0.95,865
-0.25,-0.85,1189
-0.25,-0.75,1101
-0.25,-0.65,1077
-0.25,-0.55,1109
-0.25,-0.45,1454
-0.25,-0.35,1042
-0.25,-0.25,1208
-0.25,-0.15,1740
-0.25,-0.05,1978
-0.25,0.05,1418
-0.25,0.15,1126
-0.25,0.25,1113
-0.25,0.35,1049
-0.25,0.45,1141
-0.25,0.55,838
-0.25,0.65,547
-0.25,0.75,714
-0.25,0.85,705
-0.25,0.95,442
-0.25,1.05,334
-0.25,1.15,337
-0.25,1.25,191
-0.25,1.35,217
-0.25,1.45,85
-0.25,1.55,137
-0.25,1.65,79
-0.25,1.75,48
-0.25,1.85,37
-0.25,1.95,23
-0.25,2.05,11
-0.25,2.15,17
-0.25,2.25,7
-0.25,2.35,3
-0.25,2.45,2
-0.25,2.55,2
-0.25,2.65,1
-0.25,2.75,1
-0.15,-3.85,1
-0.15,-3.25,1
-0.15,-3.05,1
-0.15,-2.75,4
-0.15,-2.65,24
-0.15,-2.55,26
-0.15,-2.45,25
-0.15,-2.35,15
-0.15,-2.25,35
-0.15,-2.15,76
-0.15,-2.05,37
-0.15,-1.95,85
-0.15,-1.85,157
-0.15,-1.75,161
-0.15,-1.65,305
-0.15,-1.55,240
-0.15,-1.45,393
-0.15,-1.35,357
-0.15,-1.25,548
-0.15,-1.15,652
-0.15,-1.05,899
-0.15,-0.95,1008
-0.15,-0.85,1344
-0.15,-0.75,1342
-0.15,-0.65,1269
-0.15,-0.55,1361
-0.15,-0.45,1685
-0.15,-0.35,1504
-0.15,-0.25,1537
-0.15,-0.15,1982
-0.15,-0.05,2497
-0.15,0.05,1773
-0.15,0.15,1516
-0.15,0.25,1438
-0.15,0.35,1389
-0.15,0.45,1616
-0.15,0.55,1158
-0.15,0.65,871
-0.15,0.75,1143
-0.15,0.85,1034
-0.15,0.95,717
-0.15,1.05,475
-0.15,1.15,485
-0.15,1.25,305
-0.15,1.35,315
-0.15,1.45,129
-0.15,1.55,224
-0.15,1.65,121
-0.15,1.75,73
-0.15,1.85,97
-0.15,1.95,35
-0.15,2.05,12
-0.15,2.15,25
-0.15,2.25,9
-0.15,2.35,9
-0.15,2.45,5
-0.15,2.55,6
-0.15,2.75,2
-0.05,-2.95,1
-0.05,-2.75,2
-0.05,-2.65,9
-0.05,-2.55,11
-0.05,-2.45,17
-0.05,-2.35,1
-0.05,-2.25,26
-0.05,-2.15,42
-0.05,-2.05,13
-0.05,-1.95,66
-0.05,-1.85,85
-0.05,-1.75,65
-0.05,-1.65,153
-0.05,-1.55,163
-0.05,-1.45,233
-0.05,-1.35,157
-0.05,-1.25,341
-0.05,-1.15,372
-0.05,-1.05,547
-0.05,-0.95,607
-0.05,-0.85,755
-0.05,-0.75,889
-0.05,-0.65,830
-0.05,-0.55,878
-0.05,-0.45,1157
-0.05,-0.35,1071
-0.05,-0.25,1111
-0.05,-0.15,1530
-0.05,-0.05,1898
-0.05,0.05,1208
-0.05,0.15,1208
-0.05,0.25,1118
-0.05,0.35,1060
-0.05,0.45,1459
-0.05,0.55,1001
-0.05,0.65,701
-0.05,0.75,1023
-0.05,0.85,935
-0.05,0.95,685
-0.05,1.05,449
-0.05,1.15,487
-0.05,1.25,278
-0.05,1.35,326
-0.05,1.45,130
-0.05,1.55,229
-0.05,1.65,143
-0.05,1.75,82
-0.05,1.85,93
-0.05,1.95,40
-0.05,2.05,16
-0.05,2.15,20
-0.05,2.25,9
-0.05,2.35,10
-0.05,2.45,5
-0.05,2.55,2
-0.05,2.75,2
0.05,-3.75,1
0.05,-3.45,1
0.05,-2.65,5
0.05,-2.55,9
0.05,-2.35,10
0.05,-2.25,3
0.05,-2.15,18
0.05,-2.05,32
0.05,-1.95,8
0.05,-1.85,53
0.05,-1.75,55
0.05,-1.65,81
0.05,-1.55,41
0.05,-1.45,118
0.05,-1.35,138
0.05,-1.25,196
0.05,-1.15,224
0.05,-1.05,357
0.05,-0.95,379
0.05,-0.85,439
0.05,-0.75,528
0.05,-0.65,546
0.05,-0.55,535
0.05,-0.45,790
0.05,-0.35,788
0.05,-0.25,835
0.05,-0.15,1045
0.05,-0.05,1396
0.05,0.05,1085
0.05,0.15,938
0.05,0.25,868
0.05,0.35,932
0.05,0.45,1064
0.05,0.55,842
0.05,0.65,524
0.05,0.75,857
0.05,0.85,772
0.05,0.95,521
0.05,1.05,384
0.05,1.15,428
0.05,1.25,283
0.05,1.35,273
0.05,1.45,108
0.05,1.55,190
0.05,1.65,106
0.05,1.75,62
0.05,1.85,85
0.05,1.95,40
0.05,2.05,23
0.05,2.15,30
0.05,2.25,8
0.05,2.35,6
0.05,2.45,4
0.05,2.55,1
0.05,2.75,2
0.15,-4.15,1
0.15,-2.65,7
0.15,-2.55,13
0.15,-2.45,15
0.15,-2.35,5
0.15,-2.25,20
0.15,-2.15,34
0.15,-2.05,21
0.15,-1.95,30
0.15,-1.85,63
0.15,-1.75,36
0.15,-1.65,87
0.15,-1.55,81
0.15,-1.45,133
0.15,-1.35,89
0.15,-1.25,208
0.15,-1.15,228
0.15,-1.05,344
0.15,-0.95,383
0.15,-0.85,440
0.15,-0.75,487
0.15,-0.65,510
0.15,-0.55,612
0.15,-0.45,790
0.15,-0.35,897
0.15,-0.25,738
0.15,-0.15,998
0.15,-0.05,1218
0.15,0.05,1029
0.15,0.15,891
0.15,0.25,892
0.15,0.35,950
0.15,0.45,1192
0.15,0.55,889
0.15,0.65,542
0.15,0.75,832
0.15,0.85,753
0.15,0.95,549
0.15,1.05,432
0.15,1.15,425
0.15,1.25,304
0.15,1.35,300
0.15,1.45,102
0.15,1.55,193
0.15,1.65,129
0.15,1.75,74
0.15,1.85,108
0.15,1.95,45
0.15,2.05,21
0.15,2.15,33
0.15,2.25,14
0.15,2.35,9
0.15,2.45,6
0.15,2.55,4
0.15,2.65,1
0.15,2.75,1
0.15,3.05,1
0.25,-2.85,1
0.25,-2.75,1
0.25,-2.65,8
0.25,-2.55,6
0.25,-2.45,2
0.25,-2.35,3
0.25,-2.25,17
0.25,-2.15,16
0.25,-2.05,11
0.25,-1.95,26
0.25,-1.85,33
0.25,-1.75,41
0.25,-1.65,81
0.25,-1.55,62
0.25,-1.45,118
0.25,-1.35,81
0.25,-1.25,164
0.25,-1.15,204
0.25,-1.05,323
0.25,-0.95,350
0.25,-0.85,357
0.25,-0.75,451
0.25,-0.65,480
0.25,-0.55,539
0.25,-0.45,870
0.25,-0.35,973
0.25,-0.25,829
0.25,-0.15,1013
0.25,-0.05,1245
0.25,0.05,1094
0.25,0.15,1021
0.25,0.25,970
0.25,0.35,982
0.25,0.45,1568
0.25,0.55,999
0.25,0.65,553
0.25,0.75,933
0.25,0.85,986
0.25,0.95,739
0.25,1.05,685
0.25,1.15,585
0.25,1.25,425
0.25,1.35,435
0.25,1.45,111
0.25,1.55,313
0.25,1.65,213
0.25,1.75,75
0.25,1.85,159
0.25,1.95,93
0.25,2.05,32
0.25,2.15,60
0.25,2.25,14
0.25,2.35,20
0.25,2.45,13
0.25,2.55,8
0.25,2.75,5
0.25,3.05,1
0.35,-2.75,2
0.35,-2.65,6
0.35,-2.55,3
0.35,-2.45,10
0.35,-2.35,4
0.35,-2.25,4
0.35,-2.15,14
0.35,-2.05,5
0.35,-1.95,16
0.35,-1.85,25
0.35,-1.75,16
0.35,-1.65,47
0.35,-1.55,37
0.35,-1.45,85
0.35,-1.35,63
0.35,-1.25,152
0.35,-1.15,132
0.35,-1.05,214
0.35,-0.95,238
0.35,-0.85,273
0.35,-0.75,339
0.35,-0.65,366
0.35,-0.55,393
0.35,-0.45,652
0.35,-0.35,758
0.35,-0.25,665
0.35,-0.15,841
0.35,-0.05,1057
0.35,0.05,932
0.35,0.15,868
0.35,0.25,913
0.35,0.35,902
0.35,0.45,1428
0.35,0.55,974
0.35,0.65,547
0.35,0.75,1002
0.35,0.85,969
0.35,0.95,763
0.35,1.05,581
0.35,1.15,613
0.35,1.25,413
0.35,1.35,482
0.35,1.45,124
0.35,1.55,353
0.35,1.65,200
0.35,1.75,87
0.35,1.85,199
0.35,1.95,90
0.35,2.05,28
0.35,2.15,55
0.35,2.25,11
0.35,2.35,21
0.35,2.45,15
0.35,2.55,5
0.35,2.75,4
0.35,2.85,1
0.45,-4.15,1
0.45,-2.75,1
0.45,-2.65,1
0.45,-2.55,2
0.45,-2.45,2
0.45,-2.35,4
0.45,-2.25,6
0.45,-2.15,7
0.45,-2.05,4
0.45,-1.95,8
0.45,-1.85,17
0.45,-1.75,16
0.45,-1.65,38
0.45,-1.55,36
0.45,-1.45,65
0.45,-1.35,47
0.45,-1.25,79
0.45,-1.15,111
0.45,-1.05,152
0.45,-0.95,213
0.45,-0.85,312
0.45,-0.75,353
0.45,-0.65,349
0.45,-0.55,407
0.45,-0.45,514
0.45,-0.35,516
0.45,-0.25,638
0.45,-0.15,892
0.45,-0.05,1299
0.45,0.05,956
0.45,0.15,996
0.45,0.25,932
0.45,0.35,1052
0.45,0.45,1246
0.45,0.55,996
0.45,0.65,787
0.45,0.75,1108
0.45,0.85,1202
0.45,0.95,817
0.45,1.05,667
0.45,1.15,688
0.45,1.25,465
0.45,1.35,577
0.45,1.45,259
0.45,1.55,386
0.45,1.65,244
0.45,1.75,169
0.45,1.85,199
0.45,1.95,86
0.45,2.05,45
0.45,2.15,59
0.45,2.25,24
0.45,2.35,26
0.45,2.45,15
0.45,2.55,20
0.45,2.65,1
0.45,2.75,2
0.55,-2.65,2
0.55,-2.55,3
0.55,-2.45,2
0.55,-2.35,1
0.55,-2.25,4
0.55,-2.15,12
0.55,-2.05,2
0.55,-1.95,9
0.55,-1.85,17
0.55,-1.75,9
0.55,-1.65,25
0.55,-1.55,24
0.55,-1.45,41
0.55,-1.35,33
0.55,-1.25,76
0.55,-1.15,74
0.55,-1.05,136
0.55,-0.95,157
0.55,-0.85,222
0.55,-0.75,228
0.55,-0.65,288
0.55,-0.55,341
0.55,-0.45,431
0.55,-0.35,483
0.55,-0.25,478
0.55,-0.15,746
0.55,-0.05,1011
0.55,0.05,794
0.55,0.15,719
0.55,0.25,788
0.55,0.35,814
0.55,0.45,1220
0.55,0.55,882
0.55,0.65,704
0.55,0.75,861
0.55,0.85,1133
0.55,0.95,797
0.55,1.05,679
0.55,1.15,681
0.55,1.25,387
0.55,1.35,544
0.55,1.45,249
0.55,1.55,403
0.55,1.65,302
0.55,1.75,160
0.55,1.85,177
0.55,1.95,119
0.55,2.05,23
0.55,2.15,88
0.55,2.25,28
0.55,2.35,29
0.55,2.45,18
0.55,2.55,17
0.55,2.65,3
0.55,2.75,6
0.55,3.05,1
0.65,-4.15,1
0.65,-2.75,1
0.65,-2.35,2
0.65,-2.25,1
0.65,-2.15,3
0.65,-2.05,4
0.65,-1.95,7
0.65,-1.85,8
0.65,-1.75,6
0.65,-1.65,20
0.65,-1.55,12
0.65,-1.45,18
0.65,-1.35,36
0.65,-1.25,51
0.65,-1.15,52
0.65,-1.05,87
0.65,-0.95,81
0.65,-0.85,138
0.65,-0.75,155
0.65,-0.65,173
0.65,-0.55,230
0.65,-0.45,324
0.65,-0.35,346
0.65,-0.25,393
0.65,-0.15,487
0.65,-0.05,745
0.65,0.05,655
0.65,0.15,604
0.65,0.25,669
0.65,0.35,734
0.65,0.45,970
0.65,0.55,789
0.65,0.65,682
0.65,0.75,998
0.65,0.85,945
0.65,0.95,758
0.65,1.05,572
0.65,1.15,691
0.65,1.25,487
0.65,1.35,541
0.65,1.45,227
0.65,1.55,408
0.65,1.65,229
0.65,1.75,212
0.65,1.85,242
0.65,1.95,87
0.65,2.05,42
0.65,2.15,88
0.65,2.25,28
0.65,2.35,38
0.65,2.45,18
0.65,2.55,11
0.65,2.75,4
0.65,2.95,3
0.75,-3.05,1
0.75,-2.25,1
0.75,-2.15,2
0.75,-2.05,3
0.75,-1.95,1
0.75,-1.85,2
0.75,-1.75,10
0.75,-1.65,11
0.75,-1.55,9
0.75,-1.45,17
0.75,-1.35,10
0.75,-1.25,25
0.75,-1.15,24
0.75,-1.05,47
0.75,-0.95,54
0.75,-0.85,86
0.75,-0.75,105
0.75,-0.65,110
0.75,-0.55,155
0.75,-0.45,169
0.75,-0.35,238
0.75,-0.25,267
0.75,-0.15,389
0.75,-0.05,489
0.75,0.05,452
0.75,0.15,442
0.75,0.25,475
0.75,0.35,534
0.75,0.45,863
0.75,0.55,611
0.75,0.65,537
0.75,0.75,706
0.75,0.85,745
0.75,0.95,642
0.75,1.05,539
0.75,1.15,542
0.75,1.25,404
0.75,1.35,462
0.75,1.45,172
0.75,1.55,339
0.75,1.65,240
0.75,1.75,143
0.75,1.85,186
0.75,1.95,108
0.75,2.05,52
0.75,2.15,91
0.75,2.25,28
0.75,2.35,35
0.75,2.45,23
0.75,2.55,12
0.75,2.65,7
0.75,2.75,5
0.75,2.95,1
0.85,-2.65,1
0.85,-2.25,1
0.85,-2.05,1
0.85,-1.95,2
0.85,-1.85,3
0.85,-1.75,4
0.85,-1.65,7
0.85,-1.55,3
0.85,-1.45,9
0.85,-1.35,16
0.85,-1.25,22
0.85,-1.15,35
0.85,-1.05,31
0.85,-0.95,51
0.85,-0.85,87
0.85,-0.75,87
0.85,-0.65,86
0.85,-0.55,117
0.85,-0.45,172
0.85,-0.35,209
0.85,-0.25,233
0.85,-0.15,325
0.85,-0.05,454
0.85,0.05,433
0.85,0.15,458
0.85,0.25,446
0.85,0.35,479
0.85,0.45,778
0.85,0.55,576
0.85,0.65,504
0.85,0.75,681
0.85,0.85,748
0.85,0.95,614
0.85,1.05,558
0.85,1.15,608
0.85,1.25,420
0.85,1.35,484
0.85,1.45,189
0.85,1.55,423
0.85,1.65,227
0.85,1.75,128
0.85,1.85,229
0.85,1.95,126
0.85,2.05,48
0.85,2.15,97
0.85,2.25,28
0.85,2.35,29
0.85,2.45,19
0.85,2.55,23
0.85,2.65,3
0.85,2.75,4
0.85,2.85,1
0.85,2.95,4
0.85,3.05,1
0.95,-2.55,1
0.95,-2.35,1
0.95,-2.25,1
0.95,-2.15,3
0.95,-1.95,1
0.95,-1.75,4
0.95,-1.65,1
0.95,-1.55,7
0.95,-1.45,4
0.95,-1.35,11
0.95,-1.25,10
0.95,-1.15,16
0.95,-1.05,29
0.95,-0.95,35
0.95,-0.85,57
0.95,-0.75,59
0.95,-0.65,69
0.95,-0.55,103
0.95,-0.45,135
0.95,-0.35,178
0.95,-0.25,194
0.95,-0.15,272
0.95,-0.05,403
0.95,0.05,437
0.95,0.15,406
0.95,0.25,432
0.95,0.35,483
0.95,0.45,725
0.95,0.55,574
0.95,0.65,410
0.95,0.75,686
0.95,0.85,835
0.95,0.95,661
0.95,1.05,561
0.95,1.15,607
0.95,1.25,503
0.95,1.35,531
0.95,1.45,199
0.95,1.55,460
0.95,1.65,271
0.95,1.75,173
0.95,1.85,293
0.95,1.95,145
0.95,2.05,50
0.95,2.15,108
0.95,2.25,31
0.95,2.35,40
0.95,2.45,28
0.95,2.55,23
0.95,2.65,2
0.95,2.75,9
0.95,2.85,1
0.95,2.95,2
0.95,3.05,1
1.05,-2.45,1
1.05,-2.15,1
1.05,-2.05,1
1.05,-1.85,1
1.05,-1.75,2
1.05,-1.65,3
1.05,-1.55,4
1.05,-1.45,7
1.05,-1.35,6
1.05,-1.25,8
1.05,-1.15,9
1.05,-1.05,21
1.05,-0.95,32
1.05,-0.85,26
1.05,-0.75,39
1.05,-0.65,57
1.05,-0.55,81
1.05,-0.45,99
1.05,-0.35,105
1.05,-0.25,155
1.05,-0.15,203
1.05,-0.05,295
1.05,0.05,285
1.05,0.15,283
1.05,0.25,369
1.05,0.35,380
1.05,0.45,626
1.05,0.55,500
1.05,0.65,404
1.05,0.75,532
1.05,0.85,604
1.05,0.95,561
1.05,1.05,491
1.05,1.15,485
1.05,1.25,408
1.05,1.35,500
1.05,1.45,205
1.05,1.55,383
1.05,1.65,255
1.05,1.75,194
1.05,1.85,247
1.05,1.95,142
1.05,2.05,54
1.05,2.15,113
1.05,2.25,50
1.05,2.35,61
1.05,2.45,32
1.05,2.55,35
1.05,2.65,2
1.05,2.75,17
1.05,2.95,4
1.05,3.05,1
1.15,-2.25,1
1.15,-1.95,3
1.15,-1.85,2
1.15,-1.75,3
1.15,-1.65,4
1.15,-1.55,4
1.15,-1.45,3
1.15,-1.35,4
1.15,-1.25,6
1.15,-1.15,1
1.15,-1.05,13
1.15,-0.95,17
1.15,-0.85,33
1.15,-0.75,39
1.15,-0.65,33
1.15,-0.55,59
1.15,-0.45,75
1.15,-0.35,97
1.15,-0.25,106
1.15,-0.15,167
1.15,-0.05,250
1.15,0.05,238
1.15,0.15,274
1.15,0.25,315
1.15,0.35,334
1.15,0.45,545
1.15,0.55,430
1.15,0.65,436
1.15,0.75,575
1.15,0.85,661
1.15,0.95,544
1.15,1.05,489
1.15,1.15,541
1.15,1.25,406
1.15,1.35,506
1.15,1.45,221
1.15,1.55,455
1.15,1.65,318
1.15,1.75,196
1.15,1.85,257
1.15,1.95,161
1.15,2.05,57
1.15,2.15,132
1.15,2.25,38
1.15,2.35,38
1.15,2.45,37
1.15,2.55,32
1.15,2.65,15
1.15,2.75,18
1.15,2.85,3
1.15,2.95,4
1.15,3.15,1
1.25,-2.15,1
1.25,-2.05,1
1.25,-1.95,1
1.25,-1.65,2
1.25,-1.55,2
1.25,-1.45,1
1.25,-1.35,3
1.25,-1.25,7
1.25,-1.15,5
1.25,-1.05,10
1.25,-0.95,12
1.25,-0.85,22
1.25,-0.75,32
1.25,-0.65,29
1.25,-0.55,57
1.25,-0.45,69
1.25,-0.35,68
1.25,-0.25,85
1.25,-0.15,133
1.25,-0.05,219
1.25,0.05,200
1.25,0.15,230
1.25,0.25,246
1.25,0.35,276
1.25,0.45,431
1.25,0.55,374
1.25,0.65,325
1.25,0.75,481
1.25,0.85,663
1.25,0.95,454
1.25,1.05,476
1.25,1.15,502
1.25,1.25,352
1.25,1.35,476
1.25,1.45,218
1.25,1.55,418
1.25,1.65,255
1.25,1.75,190
1.25,1.85,291
1.25,1.95,144
1.25,2.05,73
1.25,2.15,122
1.25,2.25,59
1.25,2.35,59
1.25,2.45,54
1.25,2.55,37
1.25,2.65,12
1.25,2.75,15
1.25,2.85,2
1.25,2.95,4
1.25,3.05,2
1.25,3.15,1
1.35,-1.75,1
1.35,-1.65,3
1.35,-1.55,2
1.35,-1.45,4
1.35,-1.35,4
1.35,-1.25,1
1.35,-1.15,5
1.35,-1.05,5
1.35,-0.95,10
1.35,-0.85,21
1.35,-0.75,17
1.35,-0.65,26
1.35,-0.55,33
1.35,-0.45,54
1.35,-0.35,65
1.35,-0.25,78
1.35,-0.15,105
1.35,-0.05,166
1.35,0.05,135
1.35,0.15,159
1.35,0.25,189
1.35,0.35,239
1.35,0.45,363
1.35,0.55,325
1.35,0.65,254
1.35,0.75,411
1.35,0.85,553
1.35,0.95,406
1.35,1.05,368
1.35,1.15,459
1.35,1.25,325
1.35,1.35,433
1.35,1.45,202
1.35,1.55,384
1.35,1.65,326
1.35,1.75,197
1.35,1.85,286
1.35,1.95,151
1.35,2.05,71
1.35,2.15,131
1.35,2.25,43
1.35,2.35,59
1.35,2.45,29
1.35,2.55,24
1.35,2.65,18
1.35,2.75,10
1.35,2.85,2
1.35,2.95,4
1.35,3.45,1
1.45,-2.45,1
1.45,-2.05,1
1.45,-1.75,1
1.45,-1.65,2
1.45,-1.55,1
1.45,-1.45,5
1.45,-1.35,2
1.45,-1.25,2
1.45,-1.15,5
1.45,-1.05,8
1.45,-0.95,10
1.45,-0.85,15
1.45,-0.75,21
1.45,-0.65,11
1.45,-0.55,21
1.45,-0.45,33
1.45,-0.35,41
1.45,-0.25,55
1.45,-0.15,110
1.45,-0.05,141
1.45,0.05,141
1.45,0.15,132
1.45,0.25,164
1.45,0.35,221
1.45,0.45,294
1.45,0.55,287
1.45,0.65,273
1.45,0.75,418
1.45,0.85,520
1.45,0.95,422
1.45,1.05,389
1.45,1.15,484
1.45,1.25,324
1.45,1.35,437
1.45,1.45,254
1.45,1.55,413
1.45,1.65,285
1.45,1.75,249
1.45,1.85,275
1.45,1.95,141
1.45,2.05,96
1.45,2.15,141
1.45,2.25,86
1.45,2.35,59
1.45,2.45,51
1.45,2.55,43
1.45,2.65,18
1.45,2.75,20
1.45,2.95,12
1.45,3.05,1
1.55,-2.55,1
1.55,-1.85,1
1.55,-1.75,1
1.55,-1.65,1
1.55,-1.55,1
1.55,-1.45,5
1.55,-1.35,3
1.55,-1.25,1
1.55,-1.15,4
1.55,-1.05,6
1.55,-0.95,4
1.55,-0.85,16
1.55,-0.75,18
1.55,-0.65,12
1.55,-0.55,20
1.55,-0.45,29
1.55,-0.35,35
1.55,-0.25,42
1.55,-0.15,87
1.55,-0.05,106
1.55,0.05,112
1.55,0.15,126
1.55,0.25,154
1.55,0.35,177
1.55,0.45,286
1.55,0.55,219
1.55,0.65,210
1.55,0.75,342
1.55,0.85,467
1.55,0.95,380
1.55,1.05,376
1.55,1.15,455
1.55,1.25,338
1.55,1.35,438
1.55,1.45,228
1.55,1.55,399
1.55,1.65,301
1.55,1.75,216
1.55,1.85,287
1.55,1.95,188
1.55,2.05,91
1.55,2.15,151
1.55,2.25,65
1.55,2.35,90
1.55,2.45,53
1.55,2.55,42
1.55,2.65,12
1.55,2.75,20
1.55,2.95,6
1.55,3.05,1
1.55,3.25,1
1.55,3.45,1
1.65,-1.75,1
1.65,-1.45,1
1.65,-1.35,2
1.65,-1.25,5
1.65,-1.15,2
1.65,-1.05,2
1.65,-0.95,6
1.65,-0.85,3
1.65,-0.75,8
1.65,-0.65,6
1.65,-0.55,9
1.65,-0.45,22
1.65,-0.35,23
1.65,-0.25,15
1.65,-0.15,29
1.65,-0.05,49
1.65,0.05,60
1.65,0.15,88
1.65,0.25,66
1.65,0.35,85
1.65,0.45,164
1.65,0.55,154
1.65,0.65,121
1.65,0.75,238
1.65,0.85,225
1.65,0.95,257
1.65,1.05,228
1.65,1.15,314
1.65,1.25,270
1.65,1.35,282
1.65,1.45,132
1.65,1.55,303
1.65,1.65,160
1.65,1.75,151
1.65,1.85,210
1.65,1.95,86
1.65,2.05,95
1.65,2.15,104
1.65,2.25,39
1.65,2.35,44
1.65,2.45,39
1.65,2.55,41
1.65,2.65,19
1.65,2.75,12
1.65,2.85,2
1.65,2.95,1
1.65,3.05,2
1.65,3.15,1
1.75,-1.65,2
1.75,-1.35,1
1.75,-1.25,4
1.75,-1.05,3
1.75,-0.95,3
1.75,-0.85,5
1.75,-0.75,14
1.75,-0.65,10
1.75,-0.55,20
1.75,-0.45,26
1.75,-0.35,27
1.75,-0.25,32
1.75,-0.15,65
1.75,-0.05,91
1.75,0.05,80
1.75,0.15,89
1.75,0.25,106
1.75,0.35,160
1.75,0.45,268
1.75,0.55,229
1.75,0.65,167
1.75,0.75,338
1.75,0.85,440
1.75,0.95,396
1.75,1.05,386
1.75,1.15,446
1.75,1.25,327
1.75,1.35,477
1.75,1.45,227
1.75,1.55,443
1.75,1.65,334
1.75,1.75,249
1.75,1.85,369
1.75,1.95,194
1.75,2.05,93
1.75,2.15,194
1.75,2.25,88
1.75,2.35,88
1.75,2.45,75
1.75,2.55,60
1.75,2.65,15
1.75,2.75,26
1.75,2.85,1
1.75,2.95,8
1.75,3.05,2
1.75,3.35,2
1.85,-1.35,1
1.85,-1.25,2
1.85,-1.15,1
1.85,-0.95,5
1.85,-0.85,4
1.85,-0.75,6
1.85,-0.65,2
1.85,-0.55,8
1.85,-0.45,11
1.85,-0.35,23
1.85,-0.25,18
1.85,-0.15,34
1.85,-0.05,66
1.85,0.05,63
1.85,0.15,72
1.85,0.25,72
1.85,0.35,119
1.85,0.45,173
1.85,0.55,172
1.85,0.65,158
1.85,0.75,236
1.85,0.85,340
1.85,0.95,259
1.85,1.05,257
1.85,1.15,375
1.85,1.25,217
1.85,1.35,366
1.85,1.45,201
1.85,1.55,357
1.85,1.65,272
1.85,1.75,242
1.85,1.85,328
1.85,1.95,157
1.85,2.05,78
1.85,2.15,195
1.85,2.25,68
1.85,2.35,56
1.85,2.45,69
1.85,2.55,58
1.85,2.65,10
1.85,2.75,32
1.85,2.85,2
1.85,2.95,13
1.85,3.05,3
1.95,-1.85,1
1.95,-1.15,3
1.95,-0.95,2
1.95,-0.85,3
1.95,-0.75,4
1.95,-0.65,11
1.95,-0.55,6
1.95,-0.45,16
1.95,-0.35,13
1.95,-0.25,19
1.95,-0.15,28
1.95,-0.05,61
1.95,0.05,35
1.95,0.15,75
1.95,0.25,86
1.95,0.35,106
1.95,0.45,147
1.95,0.55,142
1.95,0.65,145
1.95,0.75,201
1.95,0.85,322
1.95,0.95,262
1.95,1.05,260
1.95,1.15,340
1.95,1.25,246
1.95,1.35,378
1.95,1.45,245
1.95,1.55,411
1.95,1.65,316
1.95,1.75,286
1.95,1.85,338
1.95,1.95,197
1.95,2.05,106
1.95,2.15,202
1.95,2.25,98
1.95,2.35,80
1.95,2.45,91
1.95,2.55,78
1.95,2.65,20
1.95,2.75,51
1.95,2.85,2
1.95,2.95,10
1.95,3.05,3
1.95,3.15,2
1.95,3.35,1
2.05,-2.05,1
2.05,-1.35,1
2.05,-1.05,1
2.05,-0.95,2
2.05,-0.85,1
2.05,-0.65,1
2.05,-0.55,1
2.05,-0.45,7
2.05,-0.35,6
2.05,-0.25,4
2.05,-0.15,10
2.05,-0.05,9
2.05,0.05,19
2.05,0.15,10
2.05,0.25,20
2.05,0.35,24
2.05,0.45,55
2.05,0.55,35
2.05,0.65,14
2.05,0.75,50
2.05,0.85,69
2.05,0.95,67
2.05,1.05,74
2.05,1.15,110
2.05,1.25,137
2.05,1.35,150
2.05,1.45,40
2.05,1.55,153
2.05,1.65,91
2.05,1.75,52
2.05,1.85,130
2.05,1.95,67
2.05,2.05,26
2.05,2.15,61
2.05,2.25,35
2.05,2.35,36
2.05,2.45,29
2.05,2.55,34
2.05,2.65,17
2.05,2.75,15
2.05,2.85,3
2.05,2.95,3
2.05,3.05,3
2.15,-1.65,1
2.15,-1.45,1
2.15,-1.35,1
2.15,-1.25,1
2.15,-1.15,1
2.15,-1.05,1
2.15,-0.85,2
2.15,-0.75,3
2.15,-0.65,2
2.15,-0.55,12
2.15,-0.45,5
2.15,-0.35,3
2.15,-0.25,13
2.15,-0.15,23
2.15,-0.05,45
2.15,0.05,30
2.15,0.15,39
2.15,0.25,41
2.15,0.35,51
2.15,0.45,87
2.15,0.55,103
2.15,0.65,111
2.15,0.75,185
2.15,0.85,257
2.15,0.95,210
2.15,1.05,181
2.15,1.15,247
2.15,1.25,142
2.15,1.35,292
2.15,1.45,228
2.15,1.55,324
2.15,1.65,231
2.15,1.75,274
2.15,1.85,260
2.15,1.95,138
2.15,2.05,99
2.15,2.15,203
2.15,2.25,109
2.15,2.35,53
2.15,2.45,81
2.15,2.55,91
2.15,2.65,10
2.15,2.75,47
2.15,2.85,7
2.15,2.95,20
2.15,3.05,7
2.15,3.15,1
2.15,3.35,4
2.25,-0.95,1
2.25,-0.85,1
2.25,-0.75,1
2.25,-0.65,1
2.25,-0.55,1
2.25,-0.45,6
2.25,-0.35,4
2.25,-0.25,3
2.25,-0.15,11
2.25,-0.05,18
2.25,0.05,15
2.25,0.15,20
2.25,0.25,30
2.25,0.35,41
2.25,0.45,78
2.25,0.55,57
2.25,0.65,52
2.25,0.75,108
2.25,0.85,112
2.25,0.95,137
2.25,1.05,114
2.25,1.15,177
2.25,1.25,195
2.25,1.35,232
2.25,1.45,98
2.25,1.55,241
2.25,1.65,185
2.25,1.75,150
2.25,1.85,228
2.25,1.95,58
2.25,2.05,133
2.25,2.15,130
2.25,2.25,16
2.25,2.35,86
2.25,2.45,31
2.25,2.55,42
2.25,2.65,10
2.25,2.75,18
2.25,2.85,3
2.25,2.95,1
2.25,3.05,2
2.25,3.15,1
2.35,-1.05,1
2.35,-0.85,3
2.35,-0.75,1
2.35,-0.65,3
2.35,-0.55,1
2.35,-0.45,8
2.35,-0.35,3
2.35,-0.25,6
2.35,-0.15,5
2.35,-0.05,21
2.35,0.05,28
2.35,0.15,32
2.35,0.25,33
2.35,0.35,42
2.35,0.45,66
2.35,0.55,78
2.35,0.65,44
2.35,0.75,78
2.35,0.85,178
2.35,0.95,136
2.35,1.05,162
2.35,1.15,193
2.35,1.25,89
2.35,1.35,240
2.35,1.45,152
2.35,1.55,263
2.35,1.65,244
2.35,1.75,175
2.35,1.85,285
2.35,1.95,234
2.35,2.05,18
2.35,2.15,219
2.35,2.25,138
2.35,2.35,33
2.35,2.45,148
2.35,2.55,81
2.35,2.65,17
2.35,2.75,47
2.35,2.95,23
2.35,3.05,12
2.35,3.45,1
2.45,-1.65,1
2.45,-0.85,1
2.45,-0.75,1
2.45,-0.65,1
2.45,-0.55,1
2.45,-0.45,6
2.45,-0.35,5
2.45,-0.25,10
2.45,-0.15,13
2.45,-0.05,22
2.45,0.05,24
2.45,0.15,19
2.45,0.25,35
2.45,0.35,48
2.45,0.45,84
2.45,0.55,81
2.45,0.65,62
2.45,0.75,162
2.45,0.85,215
2.45,0.95,201
2.45,1.05,194
2.45,1.15,254
2.45,1.25,180
2.45,1.35,340
2.45,1.45,195
2.45,1.55,376
2.45,1.65,368
2.45,1.75,333
2.45,1.85,395
2.45,1.95,281
2.45,2.05,141
2.45,2.15,334
2.45,2.25,178
2.45,2.35,99
2.45,2.45,150
2.45,2.55,159
2.45,2.65,6
2.45,2.75,87
2.45,2.85,1
2.45,2.95,50
2.45,3.05,21
2.45,3.15,2
2.45,3.35,9
2.55,-2.05,1
2.55,-1.35,1
2.55,-1.05,2
2.55,-0.65,3
2.55,-0.55,1
2.55,-0.45,2
2.55,-0.35,8
2.55,-0.25,3
2.55,-0.15,11
2.55,-0.05,14
2.55,0.05,12
2.55,0.15,21
2.55,0.25,22
2.55,0.35,33
2.55,0.45,43
2.55,0.55,57
2.55,0.65,49
2.55,0.75,98
2.55,0.85,153
2.55,0.95,143
2.55,1.05,130
2.55,1.15,234
2.55,1.25,222
2.55,1.35,298
2.55,1.45,163
2.55,1.55,350
2.55,1.65,276
2.55,1.75,317
2.55,1.85,429
2.55,1.95,216
2.55,2.05,196
2.55,2.15,358
2.55,2.25,163
2.55,2.35,115
2.55,2.45,189
2.55,2.55,188
2.55,2.65,15
2.55,2.75,131
2.55,2.85,2
2.55,2.95,52
2.55,3.05,19
2.55,3.15,2
2.55,3.35,9
2.55,3.45,1
2.65,0.75,1
2.75,-0.55,1
2.75,-0.45,2
2.75,-0.35,1
2.75,-0.25,3
2.75,-0.15,2
2.75,-0.05,7
2.75,0.05,12
2.75,0.15,7
2.75,0.25,11
2.75,0.35,18
2.75,0.45,49
2.75,0.55,33
2.75,0.65,26
2.75,0.75,85
2.75,0.85,68
2.75,0.95,97
2.75,1.05,82
2.75,1.15,149
2.75,1.25,175
2.75,1.35,208
2.75,1.45,84
2.75,1.55,263
2.75,1.65,190
2.75,1.75,182
2.75,1.85,312
2.75,1.95,77
2.75,2.05,194
2.75,2.15,224
2.75,2.25,20
2.75,2.35,164
2.75,2.45,43
2.75,2.55,108
2.75,2.65,13
2.75,2.75,53
2.75,2.85,1
2.75,2.95,13
2.75,3.05,2
2.85,-0.85,1
2.85,-0.35,3
2.85,-0.25,1
2.85,-0.15,2
2.85,0.05,7
2.85,0.15,6
2.85,0.25,7
2.85,0.35,9
2.85,0.45,29
2.85,0.55,24
2.85,0.65,5
2.85,0.75,44
2.85,0.85,60
2.85,0.95,67
2.85,1.05,50
2.85,1.15,108
2.85,1.25,121
2.85,1.35,163
2.85,1.45,53
2.85,1.55,191
2.85,1.65,145
2.85,1.75,125
2.85,1.85,230
2.85,1.95,104
2.85,2.05,157
2.85,2.15,226
2.85,2.35,153
2.85,2.45,28
2.85,2.55,103
2.85,2.75,52
2.85,2.95,20
2.95,0.45,2
2.95,0.55,2
2.95,0.65,2
2.95,0.75,1
2.95,0.95,6
2.95,1.05,5
2.95,1.15,8
2.95,1.25,8
2.95,1.35,13
2.95,1.45,13
2.95,1.55,21
2.95,1.65,7
2.95,1.75,16
2.95,1.85,29
2.95,1.95,10
2.95,2.05,19
2.95,2.15,11
2.95,2.25,23
2.95,2.35,10
2.95,2.45,23
2.95,2.55,23
2.95,2.65,16
2.95,2.75,15
2.95,2.85,1
2.95,2.95,5
2.95,3.05,2
3.05,-1.35,1
3.05,-1.25,1
3.05,-1.05,2
3.05,-0.45,2
3.05,-0.35,1
3.05,-0.25,1
3.05,-0.15,1
3.05,-0.05,2
3.05,0.05,2
3.05,0.15,5
3.05,0.25,5
3.05,0.35,8
3.05,0.45,25
3.05,0.55,15
3.05,0.75,24
3.05,0.85,13
3.05,0.95,25
3.05,1.05,39
3.05,1.15,60
3.05,1.25,72
3.05,1.35,89
3.05,1.55,73
3.05,1.65,113
3.05,1.85,113
3.05,1.95,104
3.05,2.15,90
3.05,2.35,77
3.05,2.45,34
3.05,2.55,1
3.05,2.75,10
3.05,2.85,3
3.15,-0.75,1
3.15,-0.35,1
3.15,-0.25,1
3.15,0.15,3
3.15,0.25,2
3.15,0.35,6
3.15,0.45,16
3.15,0.55,8
3.15,0.75,20
3.15,0.85,23
3.15,0.95,30
3.15,1.05,31
3.15,1.15,56
3.15,1.25,57
3.15,1.35,84
3.15,1.45,5
3.15,1.55,93
3.15,1.65,89
3.15,1.75,4
3.15,1.85,126
3.15,1.95,123
3.15,2.05,9
3.15,2.15,110
3.15,2.25,8
3.15,2.35,77
3.15,2.45,51
3.15,2.55,8
3.15,2.65,15
3.15,2.75,22
3.15,2.85,3
3.15,2.95,2
3.15,3.05,1
3.35,-0.45,1
3.35,-0.35,1
3.35,-0.25,1
3.35,0.25,2
3.35,0.35,4
3.35,0.45,10
3.35,0.55,5
3.35,0.75,11
3.35,0.85,16
3.35,0.95,19
3.35,1.05,17
3.35,1.15,32
3.35,1.25,44
3.35,1.35,41
3.35,1.55,65
3.35,1.65,81
3.35,1.85,75
3.35,1.95,107
3.35,2.15,97
3.35,2.35,63
3.35,2.45,30
3.35,2.75,18
3.35,2.85,5
3.45,0.05,1
3.45,0.15,1
3.45,0.35,1
3.45,0.45,3
3.45,0.55,1
3.45,0.75,5
3.45,0.85,2
3.45,0.95,5
3.45,1.05,8
3.45,1.15,16
3.45,1.25,24
3.45,1.35,31
3.45,1.55,35
3.45,1.65,38
3.45,1.85,62
3.45,1.95,59
3.45,2.15,62
3.45,2.35,55
3.45,2.45,29
3.45,2.75,13
3.85,2.55,1
