rank_high,cod_inst,tipo_inst,nomb_inst,institution_fe_log_clp_raw,institution_fe_log_clp_centered,institution_fe_percent_vs_center,n_mifuturo_rows,n_observed_income_rows,n_prediction_estimable_rows
1,23,UNIVERSIDADES,UNIVERSIDAD ADOLFO IBANEZ,0.123987913284768,0.253354438306786,28.8339832908311,8,6,7
2,162,INSITUTOS PROFESIONALES,IP SAN SEBASTIAN,0.10027786297809,0.229644388000108,25.8152516234663,4,2,4
3,117,INSITUTOS PROFESIONALES,IP IACC,0.0985165272067005,0.227883052228718,25.5938437642262,16,2,15
4,193,INSITUTOS PROFESIONALES,IP INSTITUTO NACIONAL DEL FUTBOL,0.0751611532344463,0.204527678256464,22.6945415085657,1,1,1
5,70,UNIVERSIDADES,UNIVERSIDAD DE CHILE,0.0678302272394764,0.197196752261494,21.7983658171704,49,39,44
6,34,UNIVERSIDADES,UNIVERSIDAD DE LOS ANDES,0.0662854106875711,0.195651935709589,21.6103549442053,21,14,21
7,86,UNIVERSIDADES,PONTIFICIA UNIVERSIDAD CATOLICA DE CHILE,0.0634833114578241,0.192849836479842,21.2700676443318,41,28,36
8,152,INSITUTOS PROFESIONALES,IP LATINOAMERICANO DE COMERCIO EXTERIOR IPLACEX,0.0501653001793592,0.179531825201377,19.6656987311074,14,7,13
9,730,CENTROS DE FORMACION TECNICA,CFT ESCUELA CULINARIA FRANCESA,0.0422345905744871,0.171601115596505,18.7204181522277,1,1,1
10,26,UNIVERSIDADES,UNIVERSIDAD DE ARTES CIENCIAS Y COMUNICACION UNIACC,0.0145175143906451,0.143884039412663,15.4750195249864,8,1,6
11,1,UNIVERSIDADES,UNIVERSIDAD GABRIELA MISTRAL,0,0.129366525022018,13.8107192491861,2,2,2
12,45,UNIVERSIDADES,UNIVERSIDAD DEL DESARROLLO,-0.00369504449423861,0.125671480527779,13.3909595705775,23,17,23
13,257,CENTROS DE FORMACION TECNICA,CFT JUAN BOHON,-0.00614010491667119,0.123226420105347,13.11405049074,5,1,5
14,91,UNIVERSIDADES,UNIVERSIDAD CATOLICA DEL NORTE,-0.00793580267306084,0.121430722348957,12.9111141047953,24,16,23
15,73,UNIVERSIDADES,UNIVERSIDAD DE ANTOFAGASTA,-0.00925975109682422,0.120106773925194,12.7617245271202,22,13,22
16,88,UNIVERSIDADES,UNIVERSIDAD TECNICA FEDERICO SANTA MARIA,-0.0135290548137826,0.115837470208235,12.2813366679692,36,24,30
17,79,UNIVERSIDADES,UNIVERSIDAD DE ATACAMA,-0.0145903642119025,0.114776160810115,12.1622346433586,21,9,21
18,2,UNIVERSIDADES,UNIVERSIDAD FINIS TERRAE,-0.0168928138450746,0.112473711176943,11.9042838206924,16,10,16
19,71,UNIVERSIDADES,UNIVERSIDAD DE SANTIAGO DE CHILE,-0.0250694442243097,0.104297080797708,10.9930144873719,48,39,46
20,3,UNIVERSIDADES,UNIVERSIDAD DIEGO PORTALES,-0.0329861773746969,0.0963803476473209,10.1177814744619,33,23,32
21,17,UNIVERSIDADES,UNIVERSIDAD SEK,-0.0388004195371215,0.0905661054848964,9.47938771297194,4,4,4
22,85,UNIVERSIDADES,UNIVERSIDAD TECNOLOGICA METROPOLITANA,-0.0506771488584709,0.078689376163547,8.18682158159767,20,13,18
23,176,INSITUTOS PROFESIONALES,IP DEL VALLE CENTRAL,-0.0565012054415409,0.0728653195804769,7.55856668304988,9,5,9
24,82,UNIVERSIDADES,UNIVERSIDAD METROPOLITANA DE CIENCIAS DE LA EDUCACION,-0.072940056779529,0.0564264682424889,5.80488117511031,12,10,11
25,676,INSITUTOS PROFESIONALES,IP INSTITUTO INTERNACIONAL DE ARTES CULINARIAS Y SERVICIOS,-0.0776578163365312,0.0517087086854867,5.30689479941104,1,1,1
26,312,CENTROS DE FORMACION TECNICA,CFT CENCO,-0.0789778986917509,0.0503886263302669,5.16797274015692,2,1,2
27,72,UNIVERSIDADES,UNIVERSIDAD DE VALPARAISO,-0.0812690066431103,0.0480975183789076,4.9272973734857,30,22,28
28,10,UNIVERSIDADES,UNIVERSIDAD MAYOR,-0.0893384185958013,0.0400281064262166,4.08400280747276,34,23,32
29,77,UNIVERSIDADES,UNIVERSIDAD DE MAGALLANES,-0.0895789402859507,0.0397875847360672,4.05897135762399,10,2,10
30,4,UNIVERSIDADES,UNIVERSIDAD CENTRAL DE CHILE,-0.0896410490477376,0.0397254759742802,4.05250858445962,24,19,24
31,104,INSITUTOS PROFESIONALES,IP ESCUELA DE CONTADORES AUDITORES DE SANTIAGO,-0.0980314887273949,0.031335036294623,3.18311468659405,2,2,2
32,11,UNIVERSIDADES,UNIVERSIDAD ACADEMIA DE HUMANISMO CRISTIANO,-0.102781124483293,0.0265854005387249,2.69419449122503,8,4,7
33,87,UNIVERSIDADES,UNIVERSIDAD DE CONCEPCION,-0.10494297180478,0.0244235532172374,2.47242512405952,50,44,50
34,456,CENTROS DE FORMACION TECNICA,CFT CEDUC UCN,-0.109141010077858,0.0202255149441603,2.04314366191192,13,7,12
35,137,INSITUTOS PROFESIONALES,IP EATRI,-0.113314620378257,0.0160519046437604,1.61814285723214,2,1,2
36,81,UNIVERSIDADES,UNIVERSIDAD ARTURO PRAT,-0.113314620378303,0.0160519046437146,1.61814285722748,25,17,25
37,69,UNIVERSIDADES,UNIVERSIDAD ALBERTO HURTADO,-0.114402480607873,0.0149640444141445,1.50765662869345,21,5,20
38,20,UNIVERSIDADES,UNIVERSIDAD ANDRES BELLO,-0.115514136197667,0.0138523888243507,1.39487777203264,45,40,45
39,132,INSITUTOS PROFESIONALES,IP ESUCOMEX,-0.11717354054948,0.0121929844725376,1.22676219504343,8,1,8
40,78,UNIVERSIDADES,UNIVERSIDAD DE TALCA,-0.119165663727256,0.010200861294762,1.02530674452357,25,15,23
41,90,UNIVERSIDADES,UNIVERSIDAD AUSTRAL DE CHILE,-0.119887978879352,0.00947854614266604,0.952360982802891,36,23,35
42,89,UNIVERSIDADES,PONTIFICIA UNIVERSIDAD CATOLICA DE VALPARAISO,-0.122539935142389,0.00682658987962886,0.68499441574339,41,30,39
43,46,UNIVERSIDADES,UNIVERSIDAD DE ACONCAGUA,-0.12479465645049,0.00457186857152753,0.458233550771836,8,6,8
44,39,UNIVERSIDADES,UNIVERSIDAD SAN SEBASTIAN,-0.126390333538393,0.00297619148362438,0.298062473847871,28,23,27
45,99,INSITUTOS PROFESIONALES,IP AGRARIO ADOLFO MATTHEI,-0.141279171901542,-0.0119126468795236,-1.18419722208127,2,2,2
46,430,CENTROS DE FORMACION TECNICA,CFT INACAP,-0.141932225888139,-0.0125657008661207,-1.24870820915283,30,27,29
47,80,UNIVERSIDADES,UNIVERSIDAD DE TARAPACA,-0.146750994314316,-0.0173844692922982,-1.72342312685643,23,10,23
48,9,UNIVERSIDADES,UNIVERSIDAD DEL ALBA,-0.148213728665734,-0.0188472036437158,-1.86707056715355,9,5,9
49,94,UNIVERSIDADES,UNIVERSIDAD CATOLICA DE TEMUCO,-0.155074836600269,-0.0257083115782512,-2.53806666734229,28,14,28
50,92,UNIVERSIDADES,UNIVERSIDAD CATOLICA DEL MAULE,-0.15596058737577,-0.0265940623537519,-2.62435542956294,21,16,21
51,42,UNIVERSIDADES,UNIVERSIDAD CATOLICA CARDENAL RAUL SILVA HENRIQUEZ,-0.157539707060447,-0.0281731820384292,-2.77800188171574,18,14,18
52,19,UNIVERSIDADES,UNIVERSIDAD DE LAS AMERICAS,-0.157559561304691,-0.0281930362826728,-2.77993213185034,33,20,33
53,7,UNIVERSIDADES,UNIVERSIDAD BOLIVARIANA,-0.160823245969912,-0.0314567209478941,-3.09671056286557,5,3,5
54,74,UNIVERSIDADES,UNIVERSIDAD DE LA SERENA,-0.160960232402705,-0.0315937073806874,-3.1099840896442,28,8,27
55,103,INSITUTOS PROFESIONALES,IP INSTITUTO DE ESTUDIOS BANCARIOS GUILLERMO SUBERCASEAUX,-0.162190513684278,-0.0328239886622601,-3.22911276667325,6,6,6
56,76,UNIVERSIDADES,UNIVERSIDAD DE LA FRONTERA,-0.16490711496155,-0.0355405899395322,-3.49164392483932,33,17,33
57,536,CENTROS DE FORMACION TECNICA,CFT DE TARAPACA,-0.169130836114807,-0.0397643110927889,-3.89840867470347,1,1,1
58,13,UNIVERSIDADES,UNIVERSIDAD SANTO TOMAS,-0.170517401141955,-0.0411508761199367,-4.03156744230944,20,18,20
59,100,INSITUTOS PROFESIONALES,IP INACAP,-0.180049189339225,-0.0506826643172067,-4.94197242843034,19,16,19
60,629,CENTROS DE FORMACION TECNICA,CFT PUCV,-0.181785191205046,-0.0524186661830281,-5.10685018620062,16,7,15
61,75,UNIVERSIDADES,UNIVERSIDAD DEL BIO BIO,-0.18476694190528,-0.0554004168832618,-5.38937648129161,30,26,29
62,218,CENTROS DE FORMACION TECNICA,CFT DE ENAC,-0.186927916314437,-0.0575613912924188,-5.59360686975198,21,8,18
63,31,UNIVERSIDADES,UNIVERSIDAD AUTONOMA DE CHILE,-0.1889374220881,-0.0595708970660818,-5.7831265775692,28,22,28
64,83,UNIVERSIDADES,UNIVERSIDAD DE PLAYA ANCHA DE CIENCIAS DE LA EDUCACION,-0.192554063614373,-0.0631875385923547,-6.12325979375945,25,10,24
65,116,INSITUTOS PROFESIONALES,IP SANTO TOMAS,-0.194042246442041,-0.0646757214200234,-6.26286164414912,32,23,31
66,120,INSITUTOS PROFESIONALES,IP DIEGO PORTALES,-0.195604789223646,-0.0662382642016285,-6.40921556114967,2,2,2
67,16,UNIVERSIDADES,UNIVERSIDAD LA REPUBLICA,-0.196158688012769,-0.0667921629907514,-6.46104102896646,1,1,1
68,426,CENTROS DE FORMACION TECNICA,CFT ESCUELA DE COMERCIO,-0.197673158788632,-0.0683066337666142,-6.60259583137091,6,5,5
69,111,INSITUTOS PROFESIONALES,IP DUOC UC,-0.197717713554276,-0.0683511885322578,-6.60675703812388,60,56,57
70,143,INSITUTOS PROFESIONALES,IP AIEP,-0.199235745873357,-0.0698692208513392,-6.7484234450268,51,42,47
71,435,CENTROS DE FORMACION TECNICA,CFT DEL MEDIO AMBIENTE,-0.202653776086911,-0.0732872510648929,-7.06661604540718,2,1,2
72,84,UNIVERSIDADES,UNIVERSIDAD DE LOS LAGOS,-0.205978798593281,-0.0766122735712631,-7.375108482283,21,16,20
73,280,CENTROS DE FORMACION TECNICA,CFT LOS LAGOS,-0.206197292944137,-0.0768307679221188,-7.39534428704323,3,3,3
74,155,INSITUTOS PROFESIONALES,IP LOS LEONES,-0.206890446722398,-0.0775239217003799,-7.45951131265795,12,9,12
75,54,UNIVERSIDADES,UNIVERSIDAD TECNOLOGICA DE CHILE INACAP,-0.207306673127522,-0.0779401481055042,-7.49802109264313,16,15,16
76,260,CENTROS DE FORMACION TECNICA,CFT SANTO TOMAS,-0.207589838619495,-0.0782233135974773,-7.52421075282991,25,21,24
77,22,UNIVERSIDADES,UNIVERSIDAD DE VINA DEL MAR,-0.208315701058568,-0.0789491760365499,-7.59131109901142,18,13,18
78,50,UNIVERSIDADES,UNIVERSIDAD BERNARDO O HIGGINS,-0.216919241338956,-0.0875527163169379,-8.38294267604764,14,4,14
79,93,UNIVERSIDADES,UNIVERSIDAD CATOLICA DE LA SANTISIMA CONCEPCION,-0.221582789530617,-0.0922162645085993,-8.80920850986715,32,25,32
80,328,CENTROS DE FORMACION TECNICA,CFT INSTITUTO SUPERIOR DE ESTUDIOS JURIDICOS CANON,-0.222078742332459,-0.0927122173104414,-8.85442362520051,1,1,1
81,398,CENTROS DE FORMACION TECNICA,CFT EDUCAP,-0.222078742332481,-0.0927122173104628,-8.85442362520247,1,1,1
82,427,CENTROS DE FORMACION TECNICA,CFT LAPLACE,-0.222078742332546,-0.0927122173105284,-8.85442362520844,2,1,2
83,450,CENTROS DE FORMACION TECNICA,CFT LOTA ARAUCO,-0.22239672638766,-0.0930302013656421,-8.88340185763767,8,3,7
84,123,INSITUTOS PROFESIONALES,IP DE CHILE,-0.224295413513474,-0.094928888491456,-9.05623963512352,30,27,30
85,113,INSITUTOS PROFESIONALES,IP IPG,-0.241718825319881,-0.112352300297863,-10.6270659082003,8,5,8
86,38,UNIVERSIDADES,UNIVERSIDAD ADVENTISTA DE CHILE,-0.249852050211064,-0.120485525189046,-11.3510080973499,6,2,6
87,165,INSITUTOS PROFESIONALES,IP LOS LAGOS,-0.289782271654356,-0.160415746632339,-14.8210413310016,3,3,3
88,633,CENTROS DE FORMACION TECNICA,CFT TEODORO WICKEL KLUWEN,-0.294293979068812,-0.164927454046794,-15.2044782423853,5,1,5
89,367,CENTROS DE FORMACION TECNICA,CFT SAN AGUSTIN,-0.324373780822811,-0.195007255800793,-17.7171312246686,15,12,15
90,139,INSITUTOS PROFESIONALES,IP DR VIRGINIO GOMEZ G,-0.325711070110856,-0.196344545088838,-17.8270936814762,21,17,21
91,701,CENTROS DE FORMACION TECNICA,CFT MANPOWER,-0.418416725017787,-0.289050199995769,-25.1025394063118,2,1,1
92,144,INSITUTOS PROFESIONALES,IP ARCOS,-0.518500183574755,-0.389133658552737,-32.235630891424,7,2,2
